date,platform,audience,campaign_id,ad_group_id,ad_group_name,placement_name,creative_id,creative_name,creative_format,clicks,impressions,spend,conversions,ctr,cpc,cpm,roas,canonical_campaign,campaign_name
2024-06-01,Meta,Health Conscious,META_CAMP_085,META_GRP_002,Meta Group 19,Meta Placement 4,CRT_0180,Creative Variant 85,STATIC,0,1,812.33,0,0.0283,28232.38,800000.0,2.41,META_2024,FreshNest Summer Grilling
2024-06-01,Dv360,Tech-Savvy Consumers,DV360_CAMP_094,DV360_GRP_003,Dv360 Group 16,Dv360 Placement 9,CRT_0147,Creative Variant 120,STATIC,0,0,1061.49,0,0.001,1200000.0,1200000.0,2.66,DV360_2024,FreshNest Summer Grilling
2024-06-01,Amazon,Review Readers,AMAZON_CAMP_022,AMAZON_GRP_007,Amazon Group 10,Amazon Placement 33,CRT_0177,Creative Variant 117,HTML5,0,0,1422.59,0,0.0206,91638.78,1800000.0,2.77,AMAZON_2024,FreshNest Summer Grilling
2024-06-01,Meta,Parents 25-45,META_CAMP_044,META_GRP_002,Meta Group 10,Meta Placement 31,CRT_0160,Creative Variant 45,CAROUSEL,0,5,4737.95,0,0.0203,45426.92,800000.0,2.12,META_2024,FreshNest Back to School
2024-06-01,Dv360,Urban Professionals,DV360_CAMP_087,DV360_GRP_006,Dv360 Group 4,Dv360 Placement 26,CRT_0075,Creative Variant 58,VIDEO,0,4,5379.18,0,0.042,25712.35,1200000.0,4.66,DV360_2024,FreshNest Back to School
2024-06-01,Cm360,Trend Setters,CM360_CAMP_064,CM360_GRP_019,Cm360 Group 14,Cm360 Placement 12,CRT_0037,Creative Variant 106,VIDEO,0,7,5168.07,0,0.0154,40936.82,700000.0,2.85,CM360_2024,FreshNest Back to School
2024-06-01,Sa360,Search Users,SA360_CAMP_048,SA360_GRP_001,Sa360 Group 16,Sa360 Placement 1,CRT_0121,Creative Variant 45,STATIC,0,2,4143.4,0,0.001,1500000.0,1500000.0,3.09,SA360_2024,FreshNest Back to School
2024-06-01,Meta,Recipe Seekers,META_CAMP_051,META_GRP_018,Meta Group 7,Meta Placement 38,CRT_0172,Creative Variant 146,VIDEO,0,2,1908.74,0,0.0112,64380.44,800000.0,2.71,META_2024,FreshNest Holiday Recipes
2024-06-01,Amazon,Deal Hunters,AMAZON_CAMP_049,AMAZON_GRP_018,Amazon Group 15,Amazon Placement 41,CRT_0151,Creative Variant 45,CAROUSEL,0,1,1837.44,0,0.0498,41549.95,1800000.0,3.81,AMAZON_2024,FreshNest Holiday Recipes
2024-06-01,Tradedesk,Data-Driven Consumers,TRADEDESK_CAMP_052,TRADEDESK_GRP_003,Tradedesk Group 6,Tradedesk Placement 9,CRT_0167,Creative Variant 141,STATIC,0,1,1090.53,0,0.0422,14216.09,600000.0,1.76,TRADEDESK_2024,FreshNest Holiday Recipes
2024-06-01,Meta,Health Conscious,META_CAMP_091,META_GRP_006,Meta Group 18,Meta Placement 10,CRT_0050,Creative Variant 147,HTML5,0,2,2032.66,0,0.0538,15599.76,800000.0,3.66,META_2024,FreshNest Pantry Staples
2024-06-01,Dv360,High-Income Households,DV360_CAMP_031,DV360_GRP_014,Dv360 Group 10,Dv360 Placement 16,CRT_0091,Creative Variant 69,VIDEO,0,1,2168.17,0,0.049,22026.78,1200000.0,3.21,DV360_2024,FreshNest Pantry Staples
2024-06-01,Cm360,Social Media Active,CM360_CAMP_019,CM360_GRP_011,Cm360 Group 13,Cm360 Placement 1,CRT_0172,Creative Variant 22,CAROUSEL,0,3,2719.0,0,0.041,19617.98,700000.0,2.59,CM360_2024,FreshNest Pantry Staples
2024-06-02,Meta,Home Cooks,META_CAMP_056,META_GRP_001,Meta Group 17,Meta Placement 17,CRT_0050,Creative Variant 195,CAROUSEL,0,2,2097.46,0,0.049,18790.01,800000.0,1.88,META_2024,FreshNest Summer Grilling
2024-06-02,Dv360,Convenience Buyers,DV360_CAMP_088,DV360_GRP_004,Dv360 Group 1,Dv360 Placement 22,CRT_0090,Creative Variant 73,VIDEO,0,2,2540.05,0,0.0467,23109.42,1200000.0,4.0,DV360_2024,FreshNest Summer Grilling
2024-06-02,Amazon,Cross-Category Buyers,AMAZON_CAMP_058,AMAZON_GRP_015,Amazon Group 8,Amazon Placement 44,CRT_0189,Creative Variant 178,VIDEO,0,1,1889.26,0,0.0226,71582.29,1800000.0,4.16,AMAZON_2024,FreshNest Summer Grilling
2024-06-02,Meta,Budget Shoppers,META_CAMP_019,META_GRP_019,Meta Group 12,Meta Placement 28,CRT_0118,Creative Variant 26,STATIC,0,6,5270.97,0,0.0357,22387.33,800000.0,2.54,META_2024,FreshNest Back to School
2024-06-02,Dv360,Convenience Buyers,DV360_CAMP_015,DV360_GRP_010,Dv360 Group 8,Dv360 Placement 22,CRT_0117,Creative Variant 58,HTML5,0,0,991.18,0,0.0011,1200000.0,1200000.0,5.52,DV360_2024,FreshNest Back to School
2024-06-02,Cm360,Influencer Followers,CM360_CAMP_060,CM360_GRP_009,Cm360 Group 14,Cm360 Placement 44,CRT_0019,Creative Variant 185,STATIC,0,5,3989.17,0,0.0459,15259.25,700000.0,3.81,CM360_2024,FreshNest Back to School
2024-06-02,Sa360,Search Users,SA360_CAMP_032,SA360_GRP_015,Sa360 Group 1,Sa360 Placement 40,CRT_0030,Creative Variant 117,VIDEO,0,3,5398.37,0,0.0418,32290.41,1500000.0,2.32,SA360_2024,FreshNest Back to School
2024-06-02,Meta,Family Planners,META_CAMP_049,META_GRP_016,Meta Group 8,Meta Placement 42,CRT_0159,Creative Variant 175,STATIC,0,1,836.85,0,0.0884,9052.47,800000.0,3.26,META_2024,FreshNest Holiday Recipes
2024-06-02,Amazon,One-Click Shoppers,AMAZON_CAMP_080,AMAZON_GRP_011,Amazon Group 4,Amazon Placement 30,CRT_0087,Creative Variant 159,STATIC,0,0,782.81,0,0.0734,24532.03,1800000.0,2.91,AMAZON_2024,FreshNest Holiday Recipes
2024-06-02,Tradedesk,Behavioral Targets,TRADEDESK_CAMP_086,TRADEDESK_GRP_011,Tradedesk Group 14,Tradedesk Placement 30,CRT_0178,Creative Variant 95,VIDEO,0,0,385.78,0,0.0344,15719.39,600000.0,3.46,TRADEDESK_2024,FreshNest Holiday Recipes
2024-06-02,Meta,Busy Professionals,META_CAMP_057,META_GRP_010,Meta Group 16,Meta Placement 44,CRT_0179,Creative Variant 32,HTML5,0,1,1556.67,0,0.0487,17254.22,800000.0,2.57,META_2024,FreshNest Pantry Staples
2024-06-02,Dv360,High-Income Households,DV360_CAMP_025,DV360_GRP_016,Dv360 Group 16,Dv360 Placement 41,CRT_0047,Creative Variant 168,STATIC,0,1,1595.26,0,0.0429,27998.76,1200000.0,4.02,DV360_2024,FreshNest Pantry Staples
2024-06-02,Cm360,Content Consumers,CM360_CAMP_072,CM360_GRP_013,Cm360 Group 4,Cm360 Placement 29,CRT_0051,Creative Variant 163,CAROUSEL,0,5,3728.49,0,0.0621,12964.47,700000.0,2.56,CM360_2024,FreshNest Pantry Staples
2024-06-03,Meta,Budget Shoppers,META_CAMP_087,META_GRP_014,Meta Group 7,Meta Placement 31,CRT_0089,Creative Variant 84,HTML5,0,3,2487.91,0,0.0212,39653.79,800000.0,2.16,META_2024,FreshNest Summer Grilling
2024-06-03,Dv360,Quality Seekers,DV360_CAMP_071,DV360_GRP_010,Dv360 Group 10,Dv360 Placement 30,CRT_0088,Creative Variant 180,STATIC,0,1,2155.21,0,0.0496,24189.12,1200000.0,2.05,DV360_2024,FreshNest Summer Grilling
2024-06-03,Amazon,Prime Members,AMAZON_CAMP_030,AMAZON_GRP_011,Amazon Group 8,Amazon Placement 37,CRT_0188,Creative Variant 6,CAROUSEL,0,1,1962.68,0,0.0474,43648.03,1800000.0,3.35,AMAZON_2024,FreshNest Summer Grilling
2024-06-03,Meta,Recipe Seekers,META_CAMP_072,META_GRP_008,Meta Group 20,Meta Placement 37,CRT_0035,Creative Variant 184,VIDEO,0,4,3726.58,0,0.0513,14041.16,800000.0,4.86,META_2024,FreshNest Back to School
2024-06-03,Dv360,Quality Seekers,DV360_CAMP_056,DV360_GRP_012,Dv360 Group 8,Dv360 Placement 9,CRT_0184,Creative Variant 181,CAROUSEL,0,1,2351.98,0,0.043,32099.09,1200000.0,2.52,DV360_2024,FreshNest Back to School
2024-06-03,Cm360,Content Consumers,CM360_CAMP_062,CM360_GRP_002,Cm360 Group 10,Cm360 Placement 38,CRT_0154,Creative Variant 105,HTML5,0,4,3274.06,0,0.0483,15209.16,700000.0,4.25,CM360_2024,FreshNest Back to School
2024-06-03,Sa360,Search Users,SA360_CAMP_090,SA360_GRP_014,Sa360 Group 11,Sa360 Placement 48,CRT_0074,Creative Variant 137,STATIC,0,2,3673.3,0,0.0324,46229.52,1500000.0,4.61,SA360_2024,FreshNest Back to School
2024-06-03,Meta,Family Planners,META_CAMP_010,META_GRP_013,Meta Group 17,Meta Placement 3,CRT_0160,Creative Variant 183,HTML5,0,1,1125.56,0,0.0477,17598.09,800000.0,1.97,META_2024,FreshNest Holiday Recipes
2024-06-03,Amazon,Frequent Shoppers,AMAZON_CAMP_094,AMAZON_GRP_005,Amazon Group 9,Amazon Placement 16,CRT_0069,Creative Variant 23,HTML5,0,0,0,0,0.0267,1.8,0,0.92,AMAZON_2024,FreshNest Holiday Recipes
2024-06-03,Tradedesk,Lookalike Segments,TRADEDESK_CAMP_014,TRADEDESK_GRP_001,Tradedesk Group 13,Tradedesk Placement 14,CRT_0174,Creative Variant 21,VIDEO,0,1,631.16,0,0.0314,17201.15,600000.0,3.39,TRADEDESK_2024,FreshNest Holiday Recipes
2024-06-03,Meta,Family Planners,META_CAMP_080,META_GRP_018,Meta Group 14,Meta Placement 27,CRT_0158,Creative Variant 105,STATIC,0,3,2425.25,0,0.0337,23721.43,800000.0,3.48,META_2024,FreshNest Pantry Staples
2024-06-03,Dv360,Urban Professionals,DV360_CAMP_029,DV360_GRP_013,Dv360 Group 20,Dv360 Placement 22,CRT_0025,Creative Variant 20,HTML5,0,0,1042.88,0,0.0272,46341.21,1200000.0,4.11,DV360_2024,FreshNest Pantry Staples
2024-06-03,Cm360,Social Media Active,CM360_CAMP_041,CM360_GRP_018,Cm360 Group 17,Cm360 Placement 9,CRT_0083,Creative Variant 51,CAROUSEL,0,2,1860.8,0,0.067,12016.36,700000.0,2.25,CM360_2024,FreshNest Pantry Staples
2024-06-04,Meta,Health Conscious,META_CAMP_090,META_GRP_003,Meta Group 20,Meta Placement 26,CRT_0035,Creative Variant 34,HTML5,0,2,2201.2,0,0.065,12920.29,800000.0,3.78,META_2024,FreshNest Summer Grilling
2024-06-04,Dv360,Tech-Savvy Consumers,DV360_CAMP_014,DV360_GRP_015,Dv360 Group 15,Dv360 Placement 4,CRT_0114,Creative Variant 153,CAROUSEL,0,2,2705.67,0,0.0469,29435.82,1200000.0,2.55,DV360_2024,FreshNest Summer Grilling
2024-06-04,Amazon,One-Click Shoppers,AMAZON_CAMP_088,AMAZON_GRP_005,Amazon Group 6,Amazon Placement 48,CRT_0196,Creative Variant 124,STATIC,0,1,2042.91,0,0.0373,48239.28,1800000.0,2.75,AMAZON_2024,FreshNest Summer Grilling
2024-06-04,Meta,Budget Shoppers,META_CAMP_042,META_GRP_009,Meta Group 11,Meta Placement 44,CRT_0155,Creative Variant 70,CAROUSEL,0,5,4218.18,0,0.0504,18260.4,800000.0,3.73,META_2024,FreshNest Back to School
2024-06-04,Dv360,Convenience Buyers,DV360_CAMP_085,DV360_GRP_020,Dv360 Group 16,Dv360 Placement 42,CRT_0106,Creative Variant 190,CAROUSEL,0,1,1204.1,0,0.0286,48314.46,1200000.0,1.04,DV360_2024,FreshNest Back to School
2024-06-04,Cm360,Influencer Followers,CM360_CAMP_048,CM360_GRP_007,Cm360 Group 20,Cm360 Placement 34,CRT_0143,Creative Variant 123,CAROUSEL,0,5,3539.11,0,0.0581,13866.38,700000.0,1.78,CM360_2024,FreshNest Back to School
2024-06-04,Sa360,Search Users,SA360_CAMP_026,SA360_GRP_009,Sa360 Group 1,Sa360 Placement 36,CRT_0152,Creative Variant 116,VIDEO,0,1,1797.99,0,0.0029,467335.13,1500000.0,4.88,SA360_2024,FreshNest Back to School
2024-06-04,Meta,Family Planners,META_CAMP_045,META_GRP_007,Meta Group 1,Meta Placement 19,CRT_0012,Creative Variant 161,HTML5,0,1,1111.28,0,0.0391,21497.6,800000.0,2.29,META_2024,FreshNest Holiday Recipes
2024-06-04,Amazon,Frequent Shoppers,AMAZON_CAMP_041,AMAZON_GRP_010,Amazon Group 1,Amazon Placement 41,CRT_0006,Creative Variant 50,VIDEO,0,0,307.89,0,0.0164,98631.99,1800000.0,4.06,AMAZON_2024,FreshNest Holiday Recipes
2024-06-04,Tradedesk,Programmatic Buyers,TRADEDESK_CAMP_046,TRADEDESK_GRP_010,Tradedesk Group 5,Tradedesk Placement 44,CRT_0013,Creative Variant 23,STATIC,0,0,0,0,0.0755,0.6,0,1.15,TRADEDESK_2024,FreshNest Holiday Recipes
2024-06-04,Meta,Budget Shoppers,META_CAMP_027,META_GRP_017,Meta Group 4,Meta Placement 38,CRT_0137,Creative Variant 199,HTML5,0,1,1199.87,0,0.0227,36995.91,800000.0,3.78,META_2024,FreshNest Pantry Staples
2024-06-04,Dv360,High-Income Households,DV360_CAMP_098,DV360_GRP_009,Dv360 Group 17,Dv360 Placement 36,CRT_0013,Creative Variant 112,CAROUSEL,0,3,3908.69,0,0.0703,19635.83,1200000.0,2.01,DV360_2024,FreshNest Pantry Staples
2024-06-04,Cm360,Engagement Seekers,CM360_CAMP_065,CM360_GRP_008,Cm360 Group 19,Cm360 Placement 35,CRT_0008,Creative Variant 70,HTML5,0,0,305.09,0,0.0436,16844.26,700000.0,2.38,CM360_2024,FreshNest Pantry Staples
2024-06-05,Meta,Budget Shoppers,META_CAMP_071,META_GRP_004,Meta Group 18,Meta Placement 31,CRT_0087,Creative Variant 182,CAROUSEL,0,2,1741.62,0,0.0405,22727.53,800000.0,2.97,META_2024,FreshNest Summer Grilling
2024-06-05,Dv360,Urban Professionals,DV360_CAMP_045,DV360_GRP_004,Dv360 Group 9,Dv360 Placement 10,CRT_0175,Creative Variant 189,STATIC,0,1,1296.81,0,0.0298,40280.43,1200000.0,2.46,DV360_2024,FreshNest Summer Grilling
2024-06-05,Amazon,Cross-Category Buyers,AMAZON_CAMP_028,AMAZON_GRP_001,Amazon Group 10,Amazon Placement 33,CRT_0011,Creative Variant 154,CAROUSEL,0,1,2127.55,0,0.0208,99659.58,1800000.0,4.43,AMAZON_2024,FreshNest Summer Grilling
2024-06-05,Meta,Food Enthusiasts,META_CAMP_028,META_GRP_014,Meta Group 5,Meta Placement 10,CRT_0104,Creative Variant 9,HTML5,0,5,4617.07,0,0.0155,54036.13,800000.0,3.86,META_2024,FreshNest Back to School
2024-06-05,Dv360,Premium Shoppers,DV360_CAMP_063,DV360_GRP_001,Dv360 Group 10,Dv360 Placement 48,CRT_0021,Creative Variant 29,VIDEO,0,3,3883.41,0,0.0286,37710.0,1200000.0,6.67,DV360_2024,FreshNest Back to School
2024-06-05,Cm360,Content Consumers,CM360_CAMP_076,CM360_GRP_015,Cm360 Group 12,Cm360 Placement 7,CRT_0122,Creative Variant 135,STATIC,0,9,6526.52,0,0.0241,28988.23,700000.0,3.7,CM360_2024,FreshNest Back to School
2024-06-05,Sa360,Search Users,SA360_CAMP_018,SA360_GRP_018,Sa360 Group 9,Sa360 Placement 42,CRT_0027,Creative Variant 103,HTML5,0,2,4457.1,0,0.0187,84048.73,1500000.0,4.6,SA360_2024,FreshNest Back to School
2024-06-05,Meta,Parents 25-45,META_CAMP_077,META_GRP_015,Meta Group 18,Meta Placement 1,CRT_0170,Creative Variant 163,HTML5,0,1,1409.22,0,0.0592,14199.47,800000.0,1.17,META_2024,FreshNest Holiday Recipes
2024-06-05,Amazon,Cross-Category Buyers,AMAZON_CAMP_083,AMAZON_GRP_009,Amazon Group 17,Amazon Placement 1,CRT_0146,Creative Variant 136,HTML5,0,0,1452.42,0,0.0223,84776.45,1800000.0,5.22,AMAZON_2024,FreshNest Holiday Recipes
2024-06-05,Tradedesk,Data-Driven Consumers,TRADEDESK_CAMP_052,TRADEDESK_GRP_009,Tradedesk Group 3,Tradedesk Placement 24,CRT_0189,Creative Variant 134,VIDEO,0,1,1192.7,0,0.0355,15220.59,600000.0,1.56,TRADEDESK_2024,FreshNest Holiday Recipes
2024-06-05,Meta,Food Enthusiasts,META_CAMP_065,META_GRP_006,Meta Group 4,Meta Placement 49,CRT_0051,Creative Variant 161,STATIC,0,1,898.39,0,0.049,16316.12,800000.0,4.12,META_2024,FreshNest Pantry Staples
2024-06-05,Dv360,Premium Shoppers,DV360_CAMP_039,DV360_GRP_003,Dv360 Group 6,Dv360 Placement 4,CRT_0083,Creative Variant 17,HTML5,0,1,2106.77,0,0.0464,27135.43,1200000.0,2.8,DV360_2024,FreshNest Pantry Staples
2024-06-05,Cm360,Content Consumers,CM360_CAMP_038,CM360_GRP_009,Cm360 Group 14,Cm360 Placement 10,CRT_0140,Creative Variant 4,VIDEO,0,0,25.87,0,0.0432,14568.73,700000.0,1.62,CM360_2024,FreshNest Pantry Staples
2024-06-06,Meta,Recipe Seekers,META_CAMP_039,META_GRP_007,Meta Group 13,Meta Placement 47,CRT_0171,Creative Variant 125,VIDEO,0,2,2336.54,0,0.0403,17850.81,800000.0,3.05,META_2024,FreshNest Summer Grilling
2024-06-06,Dv360,Premium Shoppers,DV360_CAMP_055,DV360_GRP_013,Dv360 Group 7,Dv360 Placement 8,CRT_0096,Creative Variant 157,VIDEO,0,1,2150.08,0,0.0455,23719.31,1200000.0,2.24,DV360_2024,FreshNest Summer Grilling
2024-06-06,Amazon,Product Researchers,AMAZON_CAMP_014,AMAZON_GRP_008,Amazon Group 6,Amazon Placement 15,CRT_0157,Creative Variant 4,CAROUSEL,0,1,2869.33,0,0.0217,95413.89,1800000.0,1.34,AMAZON_2024,FreshNest Summer Grilling
2024-06-06,Meta,Parents 25-45,META_CAMP_054,META_GRP_016,Meta Group 12,Meta Placement 4,CRT_0015,Creative Variant 2,CAROUSEL,0,5,4611.7,0,0.0379,24302.23,800000.0,3.51,META_2024,FreshNest Back to School
2024-06-06,Dv360,Quality Seekers,DV360_CAMP_083,DV360_GRP_017,Dv360 Group 16,Dv360 Placement 21,CRT_0105,Creative Variant 38,CAROUSEL,0,5,6017.32,0,0.0451,30566.68,1200000.0,2.79,DV360_2024,FreshNest Back to School
2024-06-06,Cm360,Engagement Seekers,CM360_CAMP_098,CM360_GRP_014,Cm360 Group 11,Cm360 Placement 23,CRT_0131,Creative Variant 89,VIDEO,0,4,3241.34,0,0.0314,20090.62,700000.0,1.33,CM360_2024,FreshNest Back to School
2024-06-06,Sa360,Search Users,SA360_CAMP_056,SA360_GRP_008,Sa360 Group 9,Sa360 Placement 22,CRT_0026,Creative Variant 80,STATIC,0,0,0,0,0.001,1.5,0,4.18,SA360_2024,FreshNest Back to School
2024-06-06,Meta,Busy Professionals,META_CAMP_021,META_GRP_011,Meta Group 13,Meta Placement 20,CRT_0130,Creative Variant 149,HTML5,0,1,1590.79,0,0.01,84257.11,800000.0,2.03,META_2024,FreshNest Holiday Recipes
2024-06-06,Amazon,Frequent Shoppers,AMAZON_CAMP_048,AMAZON_GRP_013,Amazon Group 16,Amazon Placement 16,CRT_0042,Creative Variant 10,STATIC,0,0,594.66,0,0.0504,35728.49,1800000.0,1.49,AMAZON_2024,FreshNest Holiday Recipes
2024-06-06,Tradedesk,Cross-Device Users,TRADEDESK_CAMP_097,TRADEDESK_GRP_014,Tradedesk Group 15,Tradedesk Placement 18,CRT_0065,Creative Variant 65,HTML5,0,1,994.28,0,0.0819,7692.21,600000.0,1.59,TRADEDESK_2024,FreshNest Holiday Recipes
2024-06-06,Meta,Budget Shoppers,META_CAMP_054,META_GRP_009,Meta Group 3,Meta Placement 29,CRT_0141,Creative Variant 194,CAROUSEL,0,2,2126.89,0,0.1011,9101.62,800000.0,3.42,META_2024,FreshNest Pantry Staples
2024-06-06,Dv360,Convenience Buyers,DV360_CAMP_057,DV360_GRP_009,Dv360 Group 11,Dv360 Placement 43,CRT_0161,Creative Variant 60,STATIC,0,0,1098.98,0,0.0264,45403.21,1200000.0,3.93,DV360_2024,FreshNest Pantry Staples
2024-06-06,Cm360,Trend Setters,CM360_CAMP_094,CM360_GRP_010,Cm360 Group 18,Cm360 Placement 38,CRT_0117,Creative Variant 55,HTML5,0,3,2137.4,0,0.0493,14916.35,700000.0,2.98,CM360_2024,FreshNest Pantry Staples
2024-06-07,Meta,Recipe Seekers,META_CAMP_061,META_GRP_002,Meta Group 9,Meta Placement 16,CRT_0191,Creative Variant 95,STATIC,0,3,2771.57,0,0.095,8422.31,800000.0,1.51,META_2024,FreshNest Summer Grilling
2024-06-07,Dv360,Urban Professionals,DV360_CAMP_045,DV360_GRP_003,Dv360 Group 18,Dv360 Placement 17,CRT_0172,Creative Variant 147,CAROUSEL,0,2,3239.33,0,0.0413,33412.12,1200000.0,3.12,DV360_2024,FreshNest Summer Grilling
2024-06-07,Amazon,Cross-Category Buyers,AMAZON_CAMP_093,AMAZON_GRP_007,Amazon Group 7,Amazon Placement 19,CRT_0145,Creative Variant 159,VIDEO,0,1,2445.04,0,0.0148,109805.3,1800000.0,7.36,AMAZON_2024,FreshNest Summer Grilling
2024-06-07,Meta,Budget Shoppers,META_CAMP_067,META_GRP_012,Meta Group 14,Meta Placement 33,CRT_0080,Creative Variant 12,VIDEO,0,0,0,0,0.0427,0.8,0,4.51,META_2024,FreshNest Back to School
2024-06-07,Dv360,Premium Shoppers,DV360_CAMP_034,DV360_GRP_015,Dv360 Group 4,Dv360 Placement 5,CRT_0109,Creative Variant 179,CAROUSEL,0,1,2084.85,0,0.0401,34423.92,1200000.0,4.31,DV360_2024,FreshNest Back to School
2024-06-07,Cm360,Content Consumers,CM360_CAMP_021,CM360_GRP_003,Cm360 Group 5,Cm360 Placement 9,CRT_0136,Creative Variant 92,STATIC,0,6,4618.09,0,0.0306,22875.1,700000.0,2.97,CM360_2024,FreshNest Back to School
2024-06-07,Sa360,Search Users,SA360_CAMP_030,SA360_GRP_019,Sa360 Group 16,Sa360 Placement 13,CRT_0167,Creative Variant 21,HTML5,0,0,0,0,0.0484,1.5,0,4.47,SA360_2024,FreshNest Back to School
2024-06-07,Meta,Budget Shoppers,META_CAMP_039,META_GRP_006,Meta Group 12,Meta Placement 38,CRT_0024,Creative Variant 28,HTML5,0,0,661.49,0,0.0526,15960.48,800000.0,1.51,META_2024,FreshNest Holiday Recipes
2024-06-07,Amazon,Frequent Shoppers,AMAZON_CAMP_032,AMAZON_GRP_019,Amazon Group 6,Amazon Placement 26,CRT_0095,Creative Variant 81,VIDEO,0,0,1046.38,0,0.036,44965.25,1800000.0,2.71,AMAZON_2024,FreshNest Holiday Recipes
2024-06-07,Tradedesk,Lookalike Segments,TRADEDESK_CAMP_064,TRADEDESK_GRP_010,Tradedesk Group 2,Tradedesk Placement 16,CRT_0144,Creative Variant 77,CAROUSEL,0,1,852.79,0,0.0621,11102.69,600000.0,1.81,TRADEDESK_2024,FreshNest Holiday Recipes
2024-06-07,Meta,Family Planners,META_CAMP_096,META_GRP_019,Meta Group 12,Meta Placement 24,CRT_0167,Creative Variant 128,CAROUSEL,0,2,2139.54,0,0.017,54162.31,800000.0,4.23,META_2024,FreshNest Pantry Staples
2024-06-07,Dv360,Tech-Savvy Consumers,DV360_CAMP_020,DV360_GRP_020,Dv360 Group 2,Dv360 Placement 26,CRT_0138,Creative Variant 85,HTML5,0,0,634.84,0,0.0377,33441.27,1200000.0,3.93,DV360_2024,FreshNest Pantry Staples
2024-06-07,Cm360,Influencer Followers,CM360_CAMP_016,CM360_GRP_007,Cm360 Group 19,Cm360 Placement 43,CRT_0139,Creative Variant 7,STATIC,0,3,2142.83,0,0.0448,15625.93,700000.0,2.9,CM360_2024,FreshNest Pantry Staples
2024-06-08,Meta,Busy Professionals,META_CAMP_054,META_GRP_014,Meta Group 4,Meta Placement 17,CRT_0041,Creative Variant 31,VIDEO,0,3,2861.43,0,0.0114,63156.13,800000.0,4.15,META_2024,FreshNest Summer Grilling
2024-06-08,Dv360,Urban Professionals,DV360_CAMP_067,DV360_GRP_016,Dv360 Group 14,Dv360 Placement 9,CRT_0040,Creative Variant 58,STATIC,0,0,347.91,0,0.0281,42677.12,1200000.0,3.95,DV360_2024,FreshNest Summer Grilling
2024-06-08,Amazon,Review Readers,AMAZON_CAMP_077,AMAZON_GRP_012,Amazon Group 10,Amazon Placement 44,CRT_0102,Creative Variant 120,VIDEO,0,1,2566.95,0,0.0322,50303.24,1800000.0,4.65,AMAZON_2024,FreshNest Summer Grilling
2024-06-08,Meta,Busy Professionals,META_CAMP_058,META_GRP_003,Meta Group 13,Meta Placement 12,CRT_0150,Creative Variant 173,VIDEO,0,2,1612.29,0,0.0349,20603.87,800000.0,3.3,META_2024,FreshNest Back to School
2024-06-08,Dv360,Convenience Buyers,DV360_CAMP_045,DV360_GRP_003,Dv360 Group 4,Dv360 Placement 43,CRT_0078,Creative Variant 116,HTML5,0,2,2732.25,0,0.0136,92611.43,1200000.0,2.94,DV360_2024,FreshNest Back to School
2024-06-08,Cm360,Engagement Seekers,CM360_CAMP_090,CM360_GRP_002,Cm360 Group 12,Cm360 Placement 44,CRT_0136,Creative Variant 163,HTML5,0,4,3069.83,0,0.0435,16882.03,700000.0,2.0,CM360_2024,FreshNest Back to School
2024-06-08,Sa360,Search Users,SA360_CAMP_076,SA360_GRP_001,Sa360 Group 7,Sa360 Placement 42,CRT_0084,Creative Variant 6,VIDEO,0,0,1370.2,0,0.0175,77340.17,1500000.0,1.95,SA360_2024,FreshNest Back to School
2024-06-08,Meta,Recipe Seekers,META_CAMP_040,META_GRP_003,Meta Group 2,Meta Placement 48,CRT_0176,Creative Variant 166,STATIC,0,1,1548.7,0,0.0737,10856.01,800000.0,1.47,META_2024,FreshNest Holiday Recipes
2024-06-08,Amazon,Deal Hunters,AMAZON_CAMP_098,AMAZON_GRP_015,Amazon Group 18,Amazon Placement 25,CRT_0134,Creative Variant 67,STATIC,0,0,1643.2,0,0.0116,154664.87,1800000.0,4.91,AMAZON_2024,FreshNest Holiday Recipes
2024-06-08,Tradedesk,Retargeting Audience,TRADEDESK_CAMP_034,TRADEDESK_GRP_003,Tradedesk Group 3,Tradedesk Placement 25,CRT_0049,Creative Variant 112,STATIC,0,2,1341.18,0,0.0681,8814.63,600000.0,3.82,TRADEDESK_2024,FreshNest Holiday Recipes
2024-06-08,Meta,Food Enthusiasts,META_CAMP_048,META_GRP_001,Meta Group 6,Meta Placement 46,CRT_0022,Creative Variant 107,HTML5,0,2,1751.87,0,0.0336,25025.05,800000.0,2.37,META_2024,FreshNest Pantry Staples
2024-06-08,Dv360,Convenience Buyers,DV360_CAMP_059,DV360_GRP_007,Dv360 Group 1,Dv360 Placement 46,CRT_0049,Creative Variant 132,VIDEO,0,0,1061.62,0,0.0181,59701.7,1200000.0,2.28,DV360_2024,FreshNest Pantry Staples
2024-06-08,Cm360,Trend Setters,CM360_CAMP_059,CM360_GRP_005,Cm360 Group 19,Cm360 Placement 24,CRT_0149,Creative Variant 28,HTML5,0,0,694.15,0,0.0175,41970.85,700000.0,1.99,CM360_2024,FreshNest Pantry Staples
2024-06-09,Meta,Food Enthusiasts,META_CAMP_070,META_GRP_017,Meta Group 3,Meta Placement 23,CRT_0081,Creative Variant 44,STATIC,0,4,3246.94,0,0.0389,20591.28,800000.0,3.75,META_2024,FreshNest Summer Grilling
2024-06-09,Dv360,Tech-Savvy Consumers,DV360_CAMP_056,DV360_GRP_007,Dv360 Group 13,Dv360 Placement 11,CRT_0133,Creative Variant 107,STATIC,0,0,496.04,0,0.0409,29342.94,1200000.0,4.48,DV360_2024,FreshNest Summer Grilling
2024-06-09,Amazon,Frequent Shoppers,AMAZON_CAMP_084,AMAZON_GRP_019,Amazon Group 5,Amazon Placement 49,CRT_0087,Creative Variant 24,CAROUSEL,0,1,2280.32,0,0.0377,54916.02,1800000.0,3.05,AMAZON_2024,FreshNest Summer Grilling
2024-06-09,Meta,Health Conscious,META_CAMP_093,META_GRP_013,Meta Group 18,Meta Placement 5,CRT_0069,Creative Variant 196,STATIC,0,0,246.89,0,0.0474,16867.56,800000.0,1.98,META_2024,FreshNest Back to School
2024-06-09,Dv360,Urban Professionals,DV360_CAMP_082,DV360_GRP_006,Dv360 Group 5,Dv360 Placement 4,CRT_0124,Creative Variant 164,CAROUSEL,0,1,1438.67,0,0.0247,55859.98,1200000.0,2.12,DV360_2024,FreshNest Back to School
2024-06-09,Cm360,Influencer Followers,CM360_CAMP_062,CM360_GRP_004,Cm360 Group 11,Cm360 Placement 27,CRT_0122,Creative Variant 161,VIDEO,0,0,539.02,0,0.0361,17456.55,700000.0,2.42,CM360_2024,FreshNest Back to School
2024-06-09,Sa360,Search Users,SA360_CAMP_073,SA360_GRP_016,Sa360 Group 3,Sa360 Placement 26,CRT_0015,Creative Variant 173,CAROUSEL,0,1,2760.46,0,0.0256,67407.07,1500000.0,2.58,SA360_2024,FreshNest Back to School
2024-06-09,Meta,Busy Professionals,META_CAMP_039,META_GRP_016,Meta Group 1,Meta Placement 50,CRT_0032,Creative Variant 147,CAROUSEL,0,1,1394.27,0,0.0327,28122.66,800000.0,3.97,META_2024,FreshNest Holiday Recipes
2024-06-09,Amazon,Prime Members,AMAZON_CAMP_072,AMAZON_GRP_019,Amazon Group 10,Amazon Placement 7,CRT_0120,Creative Variant 57,HTML5,0,0,1213.54,0,0.013,145098.73,1800000.0,4.0,AMAZON_2024,FreshNest Holiday Recipes
2024-06-09,Tradedesk,Cross-Device Users,TRADEDESK_CAMP_033,TRADEDESK_GRP_010,Tradedesk Group 9,Tradedesk Placement 42,CRT_0138,Creative Variant 174,STATIC,0,0,0,0,0.0875,0.6,0,2.31,TRADEDESK_2024,FreshNest Holiday Recipes
2024-06-09,Meta,Food Enthusiasts,META_CAMP_073,META_GRP_017,Meta Group 8,Meta Placement 2,CRT_0076,Creative Variant 36,HTML5,0,2,2244.9,0,0.042,19995.54,800000.0,1.95,META_2024,FreshNest Pantry Staples
2024-06-09,Dv360,Urban Professionals,DV360_CAMP_098,DV360_GRP_007,Dv360 Group 13,Dv360 Placement 29,CRT_0134,Creative Variant 186,CAROUSEL,0,1,2158.1,0,0.0273,50462.13,1200000.0,2.87,DV360_2024,FreshNest Pantry Staples
2024-06-09,Cm360,Brand Loyalists,CM360_CAMP_011,CM360_GRP_005,Cm360 Group 4,Cm360 Placement 24,CRT_0070,Creative Variant 145,CAROUSEL,0,3,2716.12,0,0.0328,24537.64,700000.0,2.61,CM360_2024,FreshNest Pantry Staples
2024-06-10,Meta,Family Planners,META_CAMP_028,META_GRP_008,Meta Group 16,Meta Placement 35,CRT_0096,Creative Variant 112,STATIC,0,4,3328.12,0,0.0379,21134.16,800000.0,2.03,META_2024,FreshNest Summer Grilling
2024-06-10,Dv360,Convenience Buyers,DV360_CAMP_048,DV360_GRP_006,Dv360 Group 11,Dv360 Placement 38,CRT_0165,Creative Variant 102,STATIC,0,1,2066.92,0,0.0496,24191.4,1200000.0,4.57,DV360_2024,FreshNest Summer Grilling
2024-06-10,Amazon,Product Researchers,AMAZON_CAMP_055,AMAZON_GRP_001,Amazon Group 4,Amazon Placement 29,CRT_0125,Creative Variant 10,STATIC,0,1,2882.39,0,0.0485,37121.14,1800000.0,4.39,AMAZON_2024,FreshNest Summer Grilling
2024-06-10,Meta,Health Conscious,META_CAMP_012,META_GRP_018,Meta Group 11,Meta Placement 15,CRT_0137,Creative Variant 83,STATIC,0,2,2006.81,0,0.014,57142.92,800000.0,3.89,META_2024,FreshNest Back to School
2024-06-10,Dv360,Quality Seekers,DV360_CAMP_015,DV360_GRP_013,Dv360 Group 17,Dv360 Placement 14,CRT_0142,Creative Variant 79,VIDEO,0,1,1206.27,0,0.0269,40100.13,1200000.0,3.52,DV360_2024,FreshNest Back to School
2024-06-10,Cm360,Trend Setters,CM360_CAMP_032,CM360_GRP_007,Cm360 Group 15,Cm360 Placement 8,CRT_0040,Creative Variant 119,VIDEO,0,0,171.47,0,0.0608,10362.29,700000.0,3.84,CM360_2024,FreshNest Back to School
2024-06-10,Sa360,Search Users,SA360_CAMP_063,SA360_GRP_007,Sa360 Group 14,Sa360 Placement 24,CRT_0160,Creative Variant 93,CAROUSEL,0,3,4691.71,0,0.0327,52781.68,1500000.0,4.28,SA360_2024,FreshNest Back to School
2024-06-10,Meta,Budget Shoppers,META_CAMP_013,META_GRP_003,Meta Group 19,Meta Placement 48,CRT_0103,Creative Variant 13,HTML5,0,1,1165.79,0,0.0428,19647.91,800000.0,1.89,META_2024,FreshNest Holiday Recipes
2024-06-10,Amazon,Prime Members,AMAZON_CAMP_073,AMAZON_GRP_007,Amazon Group 19,Amazon Placement 30,CRT_0088,Creative Variant 103,VIDEO,0,0,880.02,0,0.0245,66229.38,1800000.0,4.8,AMAZON_2024,FreshNest Holiday Recipes
2024-06-10,Tradedesk,Data-Driven Consumers,TRADEDESK_CAMP_038,TRADEDESK_GRP_002,Tradedesk Group 4,Tradedesk Placement 28,CRT_0094,Creative Variant 10,VIDEO,0,3,2012.6,0,0.0916,5897.92,600000.0,2.46,TRADEDESK_2024,FreshNest Holiday Recipes
2024-06-10,Meta,Home Cooks,META_CAMP_060,META_GRP_006,Meta Group 18,Meta Placement 8,CRT_0155,Creative Variant 71,VIDEO,0,1,1190.82,0,0.0089,80559.36,800000.0,2.76,META_2024,FreshNest Pantry Staples
2024-06-10,Dv360,Urban Professionals,DV360_CAMP_029,DV360_GRP_009,Dv360 Group 15,Dv360 Placement 8,CRT_0101,Creative Variant 190,STATIC,0,2,3484.48,0,0.0333,35987.47,1200000.0,2.94,DV360_2024,FreshNest Pantry Staples
2024-06-10,Cm360,Social Media Active,CM360_CAMP_082,CM360_GRP_006,Cm360 Group 13,Cm360 Placement 45,CRT_0123,Creative Variant 35,HTML5,0,2,1705.63,0,0.0473,15527.79,700000.0,2.17,CM360_2024,FreshNest Pantry Staples
2024-06-11,Meta,Busy Professionals,META_CAMP_044,META_GRP_001,Meta Group 6,Meta Placement 30,CRT_0147,Creative Variant 55,CAROUSEL,0,1,1545.18,0,0.064,14375.04,800000.0,4.13,META_2024,FreshNest Summer Grilling
2024-06-11,Dv360,High-Income Households,DV360_CAMP_044,DV360_GRP_020,Dv360 Group 10,Dv360 Placement 40,CRT_0127,Creative Variant 195,CAROUSEL,0,1,1932.35,0,0.0648,21280.06,1200000.0,4.18,DV360_2024,FreshNest Summer Grilling
2024-06-11,Amazon,Cross-Category Buyers,AMAZON_CAMP_016,AMAZON_GRP_018,Amazon Group 14,Amazon Placement 43,CRT_0148,Creative Variant 192,STATIC,0,1,2011.71,0,0.047,38292.0,1800000.0,2.76,AMAZON_2024,FreshNest Summer Grilling
2024-06-11,Meta,Health Conscious,META_CAMP_063,META_GRP_002,Meta Group 12,Meta Placement 2,CRT_0198,Creative Variant 87,CAROUSEL,0,0,699.35,0,0.061,15078.14,800000.0,3.25,META_2024,FreshNest Back to School
2024-06-11,Dv360,Tech-Savvy Consumers,DV360_CAMP_067,DV360_GRP_005,Dv360 Group 16,Dv360 Placement 19,CRT_0031,Creative Variant 33,HTML5,0,2,2751.96,0,0.0323,39036.43,1200000.0,4.72,DV360_2024,FreshNest Back to School
2024-06-11,Cm360,Brand Loyalists,CM360_CAMP_029,CM360_GRP_007,Cm360 Group 9,Cm360 Placement 5,CRT_0095,Creative Variant 53,VIDEO,0,8,5600.43,0,0.0644,9782.93,700000.0,2.89,CM360_2024,FreshNest Back to School
2024-06-11,Sa360,Search Users,SA360_CAMP_070,SA360_GRP_018,Sa360 Group 9,Sa360 Placement 9,CRT_0149,Creative Variant 83,VIDEO,0,2,3088.85,0,0.0141,95551.59,1500000.0,6.4,SA360_2024,FreshNest Back to School
2024-06-11,Meta,Food Enthusiasts,META_CAMP_043,META_GRP_002,Meta Group 14,Meta Placement 18,CRT_0118,Creative Variant 184,VIDEO,0,1,1004.49,0,0.0414,17391.9,800000.0,1.57,META_2024,FreshNest Holiday Recipes
2024-06-11,Amazon,Deal Hunters,AMAZON_CAMP_039,AMAZON_GRP_004,Amazon Group 13,Amazon Placement 44,CRT_0148,Creative Variant 8,VIDEO,0,0,868.35,0,0.0275,58845.35,1800000.0,4.03,AMAZON_2024,FreshNest Holiday Recipes
2024-06-11,Tradedesk,Behavioral Targets,TRADEDESK_CAMP_024,TRADEDESK_GRP_014,Tradedesk Group 16,Tradedesk Placement 14,CRT_0005,Creative Variant 54,CAROUSEL,0,1,908.15,0,0.0723,9541.1,600000.0,2.6,TRADEDESK_2024,FreshNest Holiday Recipes
2024-06-11,Meta,Recipe Seekers,META_CAMP_036,META_GRP_012,Meta Group 18,Meta Placement 19,CRT_0135,Creative Variant 168,HTML5,0,1,831.28,0,0.0825,10182.31,800000.0,2.67,META_2024,FreshNest Pantry Staples
2024-06-11,Dv360,Urban Professionals,DV360_CAMP_043,DV360_GRP_018,Dv360 Group 15,Dv360 Placement 40,CRT_0002,Creative Variant 169,HTML5,0,1,2219.43,0,0.0232,54416.24,1200000.0,4.35,DV360_2024,FreshNest Pantry Staples
2024-06-11,Cm360,Engagement Seekers,CM360_CAMP_015,CM360_GRP_013,Cm360 Group 12,Cm360 Placement 35,CRT_0109,Creative Variant 171,CAROUSEL,0,3,2377.16,0,0.0932,8637.92,700000.0,4.26,CM360_2024,FreshNest Pantry Staples
2024-06-12,Meta,Parents 25-45,META_CAMP_046,META_GRP_006,Meta Group 11,Meta Placement 16,CRT_0176,Creative Variant 5,CAROUSEL,0,0,268.76,0,0.0364,25284.42,800000.0,2.76,META_2024,FreshNest Summer Grilling
2024-06-12,Dv360,Tech-Savvy Consumers,DV360_CAMP_053,DV360_GRP_017,Dv360 Group 3,Dv360 Placement 49,CRT_0098,Creative Variant 16,CAROUSEL,0,1,1683.97,0,0.0641,21525.48,1200000.0,3.54,DV360_2024,FreshNest Summer Grilling
2024-06-12,Amazon,Frequent Shoppers,AMAZON_CAMP_073,AMAZON_GRP_015,Amazon Group 14,Amazon Placement 27,CRT_0018,Creative Variant 24,STATIC,0,1,2097.69,0,0.0468,38492.01,1800000.0,2.16,AMAZON_2024,FreshNest Summer Grilling
2024-06-12,Meta,Budget Shoppers,META_CAMP_020,META_GRP_013,Meta Group 16,Meta Placement 2,CRT_0045,Creative Variant 176,STATIC,0,3,2854.59,0,0.0221,36251.51,800000.0,1.89,META_2024,FreshNest Back to School
2024-06-12,Dv360,Quality Seekers,DV360_CAMP_099,DV360_GRP_018,Dv360 Group 10,Dv360 Placement 43,CRT_0050,Creative Variant 133,STATIC,0,1,1890.16,0,0.0261,46026.53,1200000.0,4.48,DV360_2024,FreshNest Back to School
2024-06-12,Cm360,Brand Loyalists,CM360_CAMP_031,CM360_GRP_003,Cm360 Group 12,Cm360 Placement 41,CRT_0026,Creative Variant 152,STATIC,0,7,5081.71,0,0.063,11108.19,700000.0,2.05,CM360_2024,FreshNest Back to School
2024-06-12,Sa360,Search Users,SA360_CAMP_061,SA360_GRP_006,Sa360 Group 20,Sa360 Placement 44,CRT_0166,Creative Variant 146,VIDEO,0,1,2870.5,0,0.0328,41154.88,1500000.0,5.18,SA360_2024,FreshNest Back to School
2024-06-12,Meta,Recipe Seekers,META_CAMP_038,META_GRP_017,Meta Group 14,Meta Placement 7,CRT_0170,Creative Variant 156,HTML5,0,1,1003.88,0,0.0683,12290.86,800000.0,2.91,META_2024,FreshNest Holiday Recipes
2024-06-12,Amazon,Deal Hunters,AMAZON_CAMP_054,AMAZON_GRP_012,Amazon Group 19,Amazon Placement 43,CRT_0163,Creative Variant 21,STATIC,0,0,1089.11,0,0.039,46135.51,1800000.0,2.51,AMAZON_2024,FreshNest Holiday Recipes
2024-06-12,Tradedesk,Data-Driven Consumers,TRADEDESK_CAMP_059,TRADEDESK_GRP_008,Tradedesk Group 9,Tradedesk Placement 19,CRT_0166,Creative Variant 98,VIDEO,0,1,984.72,0,0.0839,6436.74,600000.0,2.17,TRADEDESK_2024,FreshNest Holiday Recipes
2024-06-12,Meta,Busy Professionals,META_CAMP_097,META_GRP_010,Meta Group 19,Meta Placement 4,CRT_0130,Creative Variant 19,CAROUSEL,0,3,3089.94,0,0.0388,23691.83,800000.0,3.88,META_2024,FreshNest Pantry Staples
2024-06-12,Dv360,Quality Seekers,DV360_CAMP_098,DV360_GRP_001,Dv360 Group 18,Dv360 Placement 9,CRT_0197,Creative Variant 98,CAROUSEL,0,1,1389.44,0,0.0327,42148.91,1200000.0,2.54,DV360_2024,FreshNest Pantry Staples
2024-06-12,Cm360,Engagement Seekers,CM360_CAMP_088,CM360_GRP_008,Cm360 Group 6,Cm360 Placement 44,CRT_0035,Creative Variant 14,CAROUSEL,0,2,2094.2,0,0.0337,23872.8,700000.0,0.62,CM360_2024,FreshNest Pantry Staples
2024-06-13,Meta,Home Cooks,META_CAMP_095,META_GRP_017,Meta Group 5,Meta Placement 30,CRT_0065,Creative Variant 24,VIDEO,0,2,2134.53,0,0.0388,18575.41,800000.0,3.21,META_2024,FreshNest Summer Grilling
2024-06-13,Dv360,High-Income Households,DV360_CAMP_081,DV360_GRP_018,Dv360 Group 1,Dv360 Placement 10,CRT_0162,Creative Variant 11,STATIC,0,1,1758.4,0,0.0277,43255.97,1200000.0,2.99,DV360_2024,FreshNest Summer Grilling
2024-06-13,Amazon,Frequent Shoppers,AMAZON_CAMP_087,AMAZON_GRP_007,Amazon Group 20,Amazon Placement 45,CRT_0181,Creative Variant 30,VIDEO,0,1,2176.76,0,0.0203,79941.57,1800000.0,6.46,AMAZON_2024,FreshNest Summer Grilling
2024-06-13,Meta,Food Enthusiasts,META_CAMP_024,META_GRP_010,Meta Group 4,Meta Placement 19,CRT_0050,Creative Variant 190,HTML5,0,0,0,0,0.0187,0.8,0,4.03,META_2024,FreshNest Back to School
2024-06-13,Dv360,Tech-Savvy Consumers,DV360_CAMP_068,DV360_GRP_011,Dv360 Group 12,Dv360 Placement 6,CRT_0151,Creative Variant 29,HTML5,0,3,3858.97,0,0.0316,39849.15,1200000.0,3.99,DV360_2024,FreshNest Back to School
2024-06-13,Cm360,Brand Loyalists,CM360_CAMP_056,CM360_GRP_012,Cm360 Group 18,Cm360 Placement 11,CRT_0008,Creative Variant 140,VIDEO,0,2,2050.67,0,0.0164,38341.61,700000.0,2.61,CM360_2024,FreshNest Back to School
2024-06-13,Sa360,Search Users,SA360_CAMP_078,SA360_GRP_014,Sa360 Group 12,Sa360 Placement 50,CRT_0119,Creative Variant 102,STATIC,0,2,4322.15,0,0.0381,39417.73,1500000.0,4.7,SA360_2024,FreshNest Back to School
2024-06-13,Meta,Home Cooks,META_CAMP_092,META_GRP_002,Meta Group 12,Meta Placement 31,CRT_0156,Creative Variant 12,VIDEO,0,1,1139.51,0,0.0498,14454.84,800000.0,3.63,META_2024,FreshNest Holiday Recipes
2024-06-13,Amazon,One-Click Shoppers,AMAZON_CAMP_010,AMAZON_GRP_004,Amazon Group 12,Amazon Placement 37,CRT_0148,Creative Variant 57,VIDEO,0,0,875.33,0,0.0405,39958.57,1800000.0,1.59,AMAZON_2024,FreshNest Holiday Recipes
2024-06-13,Tradedesk,Behavioral Targets,TRADEDESK_CAMP_094,TRADEDESK_GRP_005,Tradedesk Group 2,Tradedesk Placement 33,CRT_0175,Creative Variant 106,STATIC,0,2,1721.74,0,0.0473,12692.07,600000.0,2.3,TRADEDESK_2024,FreshNest Holiday Recipes
2024-06-13,Meta,Budget Shoppers,META_CAMP_058,META_GRP_015,Meta Group 18,Meta Placement 15,CRT_0154,Creative Variant 98,CAROUSEL,0,1,1348.03,0,0.0654,14067.28,800000.0,4.17,META_2024,FreshNest Pantry Staples
2024-06-13,Dv360,Premium Shoppers,DV360_CAMP_039,DV360_GRP_002,Dv360 Group 4,Dv360 Placement 44,CRT_0002,Creative Variant 108,HTML5,0,1,2028.97,0,0.0842,14966.57,1200000.0,6.43,DV360_2024,FreshNest Pantry Staples
2024-06-13,Cm360,Content Consumers,CM360_CAMP_091,CM360_GRP_017,Cm360 Group 8,Cm360 Placement 37,CRT_0173,Creative Variant 171,STATIC,0,2,1671.64,0,0.0553,12655.87,700000.0,5.21,CM360_2024,FreshNest Pantry Staples
2024-06-14,Meta,Parents 25-45,META_CAMP_042,META_GRP_016,Meta Group 12,Meta Placement 3,CRT_0051,Creative Variant 104,STATIC,0,2,2354.88,0,0.0111,71811.5,800000.0,3.17,META_2024,FreshNest Summer Grilling
2024-06-14,Dv360,Quality Seekers,DV360_CAMP_073,DV360_GRP_004,Dv360 Group 12,Dv360 Placement 2,CRT_0010,Creative Variant 141,HTML5,0,2,2689.86,0,0.0345,36543.3,1200000.0,3.08,DV360_2024,FreshNest Summer Grilling
2024-06-14,Amazon,Product Researchers,AMAZON_CAMP_033,AMAZON_GRP_019,Amazon Group 7,Amazon Placement 4,CRT_0021,Creative Variant 195,VIDEO,0,0,1696.77,0,0.0321,50416.08,1800000.0,3.81,AMAZON_2024,FreshNest Summer Grilling
2024-06-14,Meta,Budget Shoppers,META_CAMP_048,META_GRP_007,Meta Group 4,Meta Placement 18,CRT_0157,Creative Variant 122,STATIC,0,5,4661.74,0,0.0175,45770.11,800000.0,2.83,META_2024,FreshNest Back to School
2024-06-14,Dv360,Tech-Savvy Consumers,DV360_CAMP_077,DV360_GRP_001,Dv360 Group 10,Dv360 Placement 41,CRT_0084,Creative Variant 27,VIDEO,0,4,5993.42,0,0.0331,32592.37,1200000.0,4.4,DV360_2024,FreshNest Back to School
2024-06-14,Cm360,Engagement Seekers,CM360_CAMP_026,CM360_GRP_004,Cm360 Group 20,Cm360 Placement 40,CRT_0052,Creative Variant 197,CAROUSEL,0,8,5933.87,0,0.0626,12861.19,700000.0,4.47,CM360_2024,FreshNest Back to School
2024-06-14,Sa360,Search Users,SA360_CAMP_027,SA360_GRP_001,Sa360 Group 18,Sa360 Placement 27,CRT_0187,Creative Variant 67,CAROUSEL,0,3,5144.57,0,0.0392,43982.59,1500000.0,5.14,SA360_2024,FreshNest Back to School
2024-06-14,Meta,Family Planners,META_CAMP_060,META_GRP_011,Meta Group 4,Meta Placement 22,CRT_0103,Creative Variant 145,HTML5,0,0,645.06,0,0.0148,56892.88,800000.0,1.38,META_2024,FreshNest Holiday Recipes
2024-06-14,Amazon,Deal Hunters,AMAZON_CAMP_053,AMAZON_GRP_016,Amazon Group 2,Amazon Placement 15,CRT_0055,Creative Variant 86,CAROUSEL,0,0,996.67,0,0.0342,60469.84,1800000.0,1.82,AMAZON_2024,FreshNest Holiday Recipes
2024-06-14,Tradedesk,Cross-Device Users,TRADEDESK_CAMP_029,TRADEDESK_GRP_012,Tradedesk Group 17,Tradedesk Placement 12,CRT_0172,Creative Variant 12,VIDEO,0,1,805.54,0,0.0316,17072.82,600000.0,3.16,TRADEDESK_2024,FreshNest Holiday Recipes
2024-06-14,Meta,Busy Professionals,META_CAMP_035,META_GRP_003,Meta Group 5,Meta Placement 7,CRT_0151,Creative Variant 178,STATIC,0,0,351.19,0,0.0308,25932.08,800000.0,1.87,META_2024,FreshNest Pantry Staples
2024-06-14,Dv360,High-Income Households,DV360_CAMP_010,DV360_GRP_001,Dv360 Group 3,Dv360 Placement 25,CRT_0173,Creative Variant 17,HTML5,0,0,438.57,0,0.044,28638.12,1200000.0,2.06,DV360_2024,FreshNest Pantry Staples
2024-06-14,Cm360,Brand Loyalists,CM360_CAMP_052,CM360_GRP_010,Cm360 Group 12,Cm360 Placement 11,CRT_0130,Creative Variant 182,CAROUSEL,0,1,748.85,0,0.0301,26763.22,700000.0,2.52,CM360_2024,FreshNest Pantry Staples
2024-06-15,Meta,Busy Professionals,META_CAMP_039,META_GRP_008,Meta Group 11,Meta Placement 32,CRT_0138,Creative Variant 81,VIDEO,0,2,1892.52,0,0.0633,11371.67,800000.0,3.38,META_2024,FreshNest Summer Grilling
2024-06-15,Dv360,High-Income Households,DV360_CAMP_051,DV360_GRP_012,Dv360 Group 7,Dv360 Placement 10,CRT_0198,Creative Variant 62,VIDEO,0,2,2511.57,0,0.0463,23301.33,1200000.0,1.97,DV360_2024,FreshNest Summer Grilling
2024-06-15,Amazon,Frequent Shoppers,AMAZON_CAMP_096,AMAZON_GRP_014,Amazon Group 13,Amazon Placement 2,CRT_0110,Creative Variant 181,STATIC,0,1,2133.72,0,0.0191,94314.34,1800000.0,3.28,AMAZON_2024,FreshNest Summer Grilling
2024-06-15,Meta,Busy Professionals,META_CAMP_023,META_GRP_005,Meta Group 7,Meta Placement 48,CRT_0081,Creative Variant 116,HTML5,0,6,5214.07,0,0.0287,29318.51,800000.0,2.97,META_2024,FreshNest Back to School
2024-06-15,Dv360,High-Income Households,DV360_CAMP_012,DV360_GRP_010,Dv360 Group 10,Dv360 Placement 7,CRT_0025,Creative Variant 97,HTML5,0,2,3510.24,0,0.0568,22196.45,1200000.0,5.13,DV360_2024,FreshNest Back to School
2024-06-15,Cm360,Influencer Followers,CM360_CAMP_027,CM360_GRP_002,Cm360 Group 8,Cm360 Placement 47,CRT_0165,Creative Variant 172,STATIC,0,3,2548.39,0,0.0303,23081.55,700000.0,2.78,CM360_2024,FreshNest Back to School
2024-06-15,Sa360,Search Users,SA360_CAMP_093,SA360_GRP_009,Sa360 Group 7,Sa360 Placement 12,CRT_0096,Creative Variant 120,CAROUSEL,0,3,5381.94,0,0.0739,23345.9,1500000.0,2.73,SA360_2024,FreshNest Back to School
2024-06-15,Meta,Budget Shoppers,META_CAMP_037,META_GRP_017,Meta Group 7,Meta Placement 31,CRT_0058,Creative Variant 91,CAROUSEL,0,1,1422.03,0,0.1001,9189.08,800000.0,4.37,META_2024,FreshNest Holiday Recipes
2024-06-15,Amazon,Prime Members,AMAZON_CAMP_074,AMAZON_GRP_012,Amazon Group 18,Amazon Placement 48,CRT_0055,Creative Variant 153,VIDEO,0,0,816.72,0,0.0367,44175.15,1800000.0,4.53,AMAZON_2024,FreshNest Holiday Recipes
2024-06-15,Tradedesk,Lookalike Segments,TRADEDESK_CAMP_097,TRADEDESK_GRP_010,Tradedesk Group 2,Tradedesk Placement 32,CRT_0190,Creative Variant 76,VIDEO,0,2,1709.33,0,0.0224,24071.83,600000.0,1.61,TRADEDESK_2024,FreshNest Holiday Recipes
2024-06-15,Meta,Family Planners,META_CAMP_093,META_GRP_008,Meta Group 20,Meta Placement 23,CRT_0035,Creative Variant 197,VIDEO,0,2,2252.81,0,0.0556,12960.47,800000.0,4.05,META_2024,FreshNest Pantry Staples
2024-06-15,Dv360,High-Income Households,DV360_CAMP_098,DV360_GRP_015,Dv360 Group 3,Dv360 Placement 1,CRT_0119,Creative Variant 67,HTML5,0,1,1366.54,0,0.0301,41824.03,1200000.0,3.67,DV360_2024,FreshNest Pantry Staples
2024-06-15,Cm360,Content Consumers,CM360_CAMP_079,CM360_GRP_002,Cm360 Group 1,Cm360 Placement 27,CRT_0097,Creative Variant 154,CAROUSEL,0,2,1562.0,0,0.0225,35726.08,700000.0,3.92,CM360_2024,FreshNest Pantry Staples
2024-06-16,Meta,Busy Professionals,META_CAMP_030,META_GRP_014,Meta Group 2,Meta Placement 21,CRT_0096,Creative Variant 126,HTML5,0,1,1025.58,0,0.0295,28439.43,800000.0,2.43,META_2024,FreshNest Summer Grilling
2024-06-16,Dv360,High-Income Households,DV360_CAMP_031,DV360_GRP_013,Dv360 Group 17,Dv360 Placement 12,CRT_0138,Creative Variant 5,HTML5,0,1,1920.52,0,0.0253,49722.5,1200000.0,3.82,DV360_2024,FreshNest Summer Grilling
2024-06-16,Amazon,Product Researchers,AMAZON_CAMP_035,AMAZON_GRP_010,Amazon Group 1,Amazon Placement 39,CRT_0100,Creative Variant 11,CAROUSEL,0,1,3291.64,0,0.0546,37887.41,1800000.0,3.35,AMAZON_2024,FreshNest Summer Grilling
2024-06-16,Meta,Busy Professionals,META_CAMP_050,META_GRP_020,Meta Group 11,Meta Placement 43,CRT_0158,Creative Variant 124,VIDEO,0,0,0,0,0.029,0.8,0,3.34,META_2024,FreshNest Back to School
2024-06-16,Dv360,Tech-Savvy Consumers,DV360_CAMP_083,DV360_GRP_020,Dv360 Group 9,Dv360 Placement 32,CRT_0024,Creative Variant 189,HTML5,0,3,4582.2,0,0.0011,1200000.0,1200000.0,3.74,DV360_2024,FreshNest Back to School
2024-06-16,Cm360,Content Consumers,CM360_CAMP_091,CM360_GRP_020,Cm360 Group 2,Cm360 Placement 1,CRT_0112,Creative Variant 125,STATIC,0,2,1819.43,0,0.037,18934.66,700000.0,4.07,CM360_2024,FreshNest Back to School
2024-06-16,Sa360,Search Users,SA360_CAMP_085,SA360_GRP_008,Sa360 Group 7,Sa360 Placement 43,CRT_0054,Creative Variant 57,VIDEO,0,2,3394.54,0,0.0259,52080.14,1500000.0,3.83,SA360_2024,FreshNest Back to School
2024-06-16,Meta,Parents 25-45,META_CAMP_028,META_GRP_007,Meta Group 17,Meta Placement 7,CRT_0062,Creative Variant 194,STATIC,0,1,1336.0,0,0.0524,15267.49,800000.0,0.96,META_2024,FreshNest Holiday Recipes
2024-06-16,Amazon,Review Readers,AMAZON_CAMP_048,AMAZON_GRP_012,Amazon Group 16,Amazon Placement 9,CRT_0113,Creative Variant 126,STATIC,0,0,1712.62,0,0.0358,50234.79,1800000.0,3.6,AMAZON_2024,FreshNest Holiday Recipes
2024-06-16,Tradedesk,Lookalike Segments,TRADEDESK_CAMP_081,TRADEDESK_GRP_004,Tradedesk Group 7,Tradedesk Placement 26,CRT_0183,Creative Variant 200,STATIC,0,2,1561.6,0,0.0781,7679.25,600000.0,1.88,TRADEDESK_2024,FreshNest Holiday Recipes
2024-06-16,Meta,Home Cooks,META_CAMP_043,META_GRP_011,Meta Group 6,Meta Placement 14,CRT_0141,Creative Variant 18,CAROUSEL,0,3,2795.62,0,0.0207,44405.44,800000.0,2.41,META_2024,FreshNest Pantry Staples
2024-06-16,Dv360,Urban Professionals,DV360_CAMP_095,DV360_GRP_004,Dv360 Group 3,Dv360 Placement 31,CRT_0047,Creative Variant 76,STATIC,0,1,2145.92,0,0.0356,33695.03,1200000.0,4.66,DV360_2024,FreshNest Pantry Staples
2024-06-16,Cm360,Social Media Active,CM360_CAMP_038,CM360_GRP_004,Cm360 Group 5,Cm360 Placement 27,CRT_0013,Creative Variant 17,CAROUSEL,0,2,1568.47,0,0.0221,36444.88,700000.0,2.18,CM360_2024,FreshNest Pantry Staples
2024-06-17,Meta,Home Cooks,META_CAMP_032,META_GRP_004,Meta Group 20,Meta Placement 44,CRT_0046,Creative Variant 174,HTML5,0,3,2862.38,0,0.0256,32789.1,800000.0,3.17,META_2024,FreshNest Summer Grilling
2024-06-17,Dv360,Tech-Savvy Consumers,DV360_CAMP_019,DV360_GRP_015,Dv360 Group 13,Dv360 Placement 20,CRT_0107,Creative Variant 85,CAROUSEL,0,1,1394.59,0,0.0461,29906.92,1200000.0,2.14,DV360_2024,FreshNest Summer Grilling
2024-06-17,Amazon,Deal Hunters,AMAZON_CAMP_044,AMAZON_GRP_002,Amazon Group 7,Amazon Placement 45,CRT_0183,Creative Variant 150,STATIC,0,0,1568.76,0,0.0338,53313.23,1800000.0,3.53,AMAZON_2024,FreshNest Summer Grilling
2024-06-17,Meta,Food Enthusiasts,META_CAMP_061,META_GRP_012,Meta Group 9,Meta Placement 5,CRT_0089,Creative Variant 16,VIDEO,0,3,2548.09,0,0.0499,14422.88,800000.0,3.6,META_2024,FreshNest Back to School
2024-06-17,Dv360,Tech-Savvy Consumers,DV360_CAMP_097,DV360_GRP_014,Dv360 Group 12,Dv360 Placement 39,CRT_0194,Creative Variant 3,CAROUSEL,0,2,2451.36,0,0.052,26542.55,1200000.0,4.6,DV360_2024,FreshNest Back to School
2024-06-17,Cm360,Influencer Followers,CM360_CAMP_084,CM360_GRP_017,Cm360 Group 20,Cm360 Placement 43,CRT_0100,Creative Variant 187,HTML5,0,4,2836.34,0,0.0392,18750.04,700000.0,3.06,CM360_2024,FreshNest Back to School
2024-06-17,Sa360,Search Users,SA360_CAMP_095,SA360_GRP_011,Sa360 Group 10,Sa360 Placement 27,CRT_0140,Creative Variant 9,STATIC,0,4,6542.18,0,0.0492,30467.0,1500000.0,4.97,SA360_2024,FreshNest Back to School
2024-06-17,Meta,Budget Shoppers,META_CAMP_056,META_GRP_007,Meta Group 18,Meta Placement 6,CRT_0155,Creative Variant 173,CAROUSEL,0,1,1261.45,0,0.0481,19133.5,800000.0,1.99,META_2024,FreshNest Holiday Recipes
2024-06-17,Amazon,Cross-Category Buyers,AMAZON_CAMP_050,AMAZON_GRP_001,Amazon Group 20,Amazon Placement 32,CRT_0180,Creative Variant 68,VIDEO,0,0,1242.43,0,0.0509,31808.3,1800000.0,4.67,AMAZON_2024,FreshNest Holiday Recipes
2024-06-17,Tradedesk,Cross-Device Users,TRADEDESK_CAMP_098,TRADEDESK_GRP_014,Tradedesk Group 17,Tradedesk Placement 27,CRT_0109,Creative Variant 178,CAROUSEL,0,1,681.02,0,0.0536,12872.4,600000.0,2.61,TRADEDESK_2024,FreshNest Holiday Recipes
2024-06-17,Meta,Home Cooks,META_CAMP_050,META_GRP_019,Meta Group 13,Meta Placement 26,CRT_0020,Creative Variant 61,HTML5,0,2,2256.1,0,0.0569,14750.38,800000.0,3.1,META_2024,FreshNest Pantry Staples
2024-06-17,Dv360,Tech-Savvy Consumers,DV360_CAMP_097,DV360_GRP_010,Dv360 Group 17,Dv360 Placement 20,CRT_0182,Creative Variant 111,CAROUSEL,0,1,1509.81,0,0.0142,96919.85,1200000.0,1.52,DV360_2024,FreshNest Pantry Staples
2024-06-17,Cm360,Engagement Seekers,CM360_CAMP_088,CM360_GRP_019,Cm360 Group 8,Cm360 Placement 13,CRT_0031,Creative Variant 26,VIDEO,0,1,1003.22,0,0.0216,29115.17,700000.0,2.86,CM360_2024,FreshNest Pantry Staples
2024-06-18,Meta,Budget Shoppers,META_CAMP_037,META_GRP_014,Meta Group 4,Meta Placement 30,CRT_0079,Creative Variant 64,VIDEO,0,4,3479.22,0,0.0333,21623.15,800000.0,2.66,META_2024,FreshNest Summer Grilling
2024-06-18,Dv360,Urban Professionals,DV360_CAMP_093,DV360_GRP_009,Dv360 Group 4,Dv360 Placement 41,CRT_0042,Creative Variant 155,CAROUSEL,0,1,1440.01,0,0.0533,25907.32,1200000.0,2.84,DV360_2024,FreshNest Summer Grilling
2024-06-18,Amazon,Review Readers,AMAZON_CAMP_094,AMAZON_GRP_010,Amazon Group 20,Amazon Placement 48,CRT_0007,Creative Variant 23,STATIC,0,1,1807.42,0,0.0288,62540.72,1800000.0,4.16,AMAZON_2024,FreshNest Summer Grilling
2024-06-18,Meta,Recipe Seekers,META_CAMP_012,META_GRP_015,Meta Group 2,Meta Placement 42,CRT_0192,Creative Variant 123,VIDEO,0,6,4882.57,0,0.0363,19821.23,800000.0,3.21,META_2024,FreshNest Back to School
2024-06-18,Dv360,High-Income Households,DV360_CAMP_031,DV360_GRP_001,Dv360 Group 14,Dv360 Placement 16,CRT_0103,Creative Variant 122,CAROUSEL,0,2,3562.11,0,0.0011,1200000.0,1200000.0,2.74,DV360_2024,FreshNest Back to School
2024-06-18,Cm360,Trend Setters,CM360_CAMP_028,CM360_GRP_015,Cm360 Group 12,Cm360 Placement 43,CRT_0078,Creative Variant 78,CAROUSEL,0,6,4239.81,0,0.0496,16226.74,700000.0,3.39,CM360_2024,FreshNest Back to School
2024-06-18,Sa360,Search Users,SA360_CAMP_051,SA360_GRP_003,Sa360 Group 4,Sa360 Placement 38,CRT_0185,Creative Variant 63,CAROUSEL,0,3,5056.33,0,0.0484,35650.83,1500000.0,3.06,SA360_2024,FreshNest Back to School
2024-06-18,Meta,Parents 25-45,META_CAMP_097,META_GRP_018,Meta Group 12,Meta Placement 14,CRT_0161,Creative Variant 126,VIDEO,0,1,930.23,0,0.0479,15026.25,800000.0,1.46,META_2024,FreshNest Holiday Recipes
2024-06-18,Amazon,Deal Hunters,AMAZON_CAMP_099,AMAZON_GRP_004,Amazon Group 11,Amazon Placement 29,CRT_0144,Creative Variant 27,CAROUSEL,0,0,1149.66,0,0.0273,75748.42,1800000.0,1.97,AMAZON_2024,FreshNest Holiday Recipes
2024-06-18,Tradedesk,Retargeting Audience,TRADEDESK_CAMP_064,TRADEDESK_GRP_007,Tradedesk Group 19,Tradedesk Placement 28,CRT_0068,Creative Variant 65,VIDEO,0,0,335.0,0,0.0009,600000.0,600000.0,2.66,TRADEDESK_2024,FreshNest Holiday Recipes
2024-06-18,Meta,Budget Shoppers,META_CAMP_036,META_GRP_001,Meta Group 12,Meta Placement 23,CRT_0021,Creative Variant 64,CAROUSEL,0,1,1098.02,0,0.045,20436.23,800000.0,1.91,META_2024,FreshNest Pantry Staples
2024-06-18,Dv360,High-Income Households,DV360_CAMP_076,DV360_GRP_002,Dv360 Group 11,Dv360 Placement 13,CRT_0147,Creative Variant 47,VIDEO,0,0,945.19,0,0.0208,52032.16,1200000.0,2.41,DV360_2024,FreshNest Pantry Staples
2024-06-18,Cm360,Content Consumers,CM360_CAMP_080,CM360_GRP_002,Cm360 Group 5,Cm360 Placement 27,CRT_0159,Creative Variant 93,HTML5,0,2,1469.54,0,0.0542,13566.44,700000.0,2.59,CM360_2024,FreshNest Pantry Staples
2024-06-19,Meta,Family Planners,META_CAMP_090,META_GRP_019,Meta Group 11,Meta Placement 16,CRT_0031,Creative Variant 7,VIDEO,0,1,1119.35,0,0.0422,17075.5,800000.0,2.01,META_2024,FreshNest Summer Grilling
2024-06-19,Dv360,Tech-Savvy Consumers,DV360_CAMP_066,DV360_GRP_007,Dv360 Group 18,Dv360 Placement 41,CRT_0124,Creative Variant 86,CAROUSEL,0,1,1909.18,0,0.0214,64626.95,1200000.0,3.4,DV360_2024,FreshNest Summer Grilling
2024-06-19,Amazon,Cross-Category Buyers,AMAZON_CAMP_085,AMAZON_GRP_002,Amazon Group 3,Amazon Placement 20,CRT_0119,Creative Variant 73,VIDEO,0,1,3376.51,0,0.0293,55301.83,1800000.0,2.97,AMAZON_2024,FreshNest Summer Grilling
2024-06-19,Meta,Budget Shoppers,META_CAMP_089,META_GRP_016,Meta Group 17,Meta Placement 27,CRT_0002,Creative Variant 165,STATIC,0,6,5593.32,0,0.0692,11559.39,800000.0,3.91,META_2024,FreshNest Back to School
2024-06-19,Dv360,Tech-Savvy Consumers,DV360_CAMP_018,DV360_GRP_020,Dv360 Group 16,Dv360 Placement 22,CRT_0062,Creative Variant 108,STATIC,0,4,5292.15,0,0.0074,163043.55,1200000.0,6.32,DV360_2024,FreshNest Back to School
2024-06-19,Cm360,Social Media Active,CM360_CAMP_065,CM360_GRP_017,Cm360 Group 6,Cm360 Placement 18,CRT_0030,Creative Variant 10,VIDEO,0,4,3096.8,0,0.0655,9617.95,700000.0,2.65,CM360_2024,FreshNest Back to School
2024-06-19,Sa360,Search Users,SA360_CAMP_060,SA360_GRP_004,Sa360 Group 9,Sa360 Placement 41,CRT_0072,Creative Variant 186,CAROUSEL,0,1,2686.25,0,0.0441,39072.02,1500000.0,4.28,SA360_2024,FreshNest Back to School
2024-06-19,Meta,Food Enthusiasts,META_CAMP_053,META_GRP_008,Meta Group 2,Meta Placement 14,CRT_0096,Creative Variant 152,HTML5,0,1,1055.42,0,0.0636,13199.84,800000.0,2.49,META_2024,FreshNest Holiday Recipes
2024-06-19,Amazon,Frequent Shoppers,AMAZON_CAMP_043,AMAZON_GRP_012,Amazon Group 15,Amazon Placement 12,CRT_0067,Creative Variant 3,STATIC,0,0,892.03,0,0.0531,33922.91,1800000.0,2.75,AMAZON_2024,FreshNest Holiday Recipes
2024-06-19,Tradedesk,Cross-Device Users,TRADEDESK_CAMP_086,TRADEDESK_GRP_020,Tradedesk Group 1,Tradedesk Placement 13,CRT_0122,Creative Variant 127,VIDEO,0,1,782.16,0,0.081,6662.57,600000.0,2.31,TRADEDESK_2024,FreshNest Holiday Recipes
2024-06-19,Meta,Busy Professionals,META_CAMP_037,META_GRP_003,Meta Group 6,Meta Placement 12,CRT_0055,Creative Variant 89,STATIC,0,2,1819.66,0,0.0331,24173.03,800000.0,2.66,META_2024,FreshNest Pantry Staples
2024-06-19,Dv360,High-Income Households,DV360_CAMP_080,DV360_GRP_001,Dv360 Group 11,Dv360 Placement 50,CRT_0033,Creative Variant 117,HTML5,0,1,1329.45,0,0.0433,29075.12,1200000.0,4.03,DV360_2024,FreshNest Pantry Staples
2024-06-19,Cm360,Trend Setters,CM360_CAMP_030,CM360_GRP_006,Cm360 Group 11,Cm360 Placement 31,CRT_0070,Creative Variant 137,HTML5,0,3,2540.11,0,0.0221,33283.6,700000.0,4.5,CM360_2024,FreshNest Pantry Staples
2024-06-20,Meta,Parents 25-45,META_CAMP_012,META_GRP_007,Meta Group 10,Meta Placement 24,CRT_0118,Creative Variant 47,CAROUSEL,0,2,2325.62,0,0.0693,13271.9,800000.0,2.43,META_2024,FreshNest Summer Grilling
2024-06-20,Dv360,Convenience Buyers,DV360_CAMP_065,DV360_GRP_011,Dv360 Group 7,Dv360 Placement 37,CRT_0057,Creative Variant 189,HTML5,0,1,1957.28,0,0.044,28635.71,1200000.0,3.77,DV360_2024,FreshNest Summer Grilling
2024-06-20,Amazon,Deal Hunters,AMAZON_CAMP_080,AMAZON_GRP_020,Amazon Group 8,Amazon Placement 11,CRT_0101,Creative Variant 81,VIDEO,0,1,2096.23,0,0.0248,65399.25,1800000.0,5.08,AMAZON_2024,FreshNest Summer Grilling
2024-06-20,Meta,Food Enthusiasts,META_CAMP_061,META_GRP_020,Meta Group 1,Meta Placement 11,CRT_0023,Creative Variant 161,VIDEO,0,1,1295.12,0,0.061,11800.8,800000.0,7.27,META_2024,FreshNest Back to School
2024-06-20,Dv360,Premium Shoppers,DV360_CAMP_036,DV360_GRP_019,Dv360 Group 16,Dv360 Placement 26,CRT_0069,Creative Variant 31,STATIC,0,0,1111.48,0,0.0146,82302.09,1200000.0,6.35,DV360_2024,FreshNest Back to School
2024-06-20,Cm360,Influencer Followers,CM360_CAMP_012,CM360_GRP_006,Cm360 Group 9,Cm360 Placement 11,CRT_0029,Creative Variant 68,STATIC,0,6,4347.17,0,0.0673,10399.34,700000.0,6.73,CM360_2024,FreshNest Back to School
2024-06-20,Sa360,Search Users,SA360_CAMP_023,SA360_GRP_014,Sa360 Group 11,Sa360 Placement 33,CRT_0122,Creative Variant 194,STATIC,0,0,0,0,0.026,1.5,0,6.18,SA360_2024,FreshNest Back to School
2024-06-20,Meta,Recipe Seekers,META_CAMP_046,META_GRP_014,Meta Group 3,Meta Placement 10,CRT_0183,Creative Variant 180,STATIC,0,1,1218.29,0,0.033,24249.61,800000.0,2.1,META_2024,FreshNest Holiday Recipes
2024-06-20,Amazon,Deal Hunters,AMAZON_CAMP_072,AMAZON_GRP_012,Amazon Group 15,Amazon Placement 13,CRT_0117,Creative Variant 62,STATIC,0,1,2171.57,0,0.0222,81254.05,1800000.0,2.61,AMAZON_2024,FreshNest Holiday Recipes
2024-06-20,Tradedesk,Retargeting Audience,TRADEDESK_CAMP_090,TRADEDESK_GRP_019,Tradedesk Group 11,Tradedesk Placement 8,CRT_0076,Creative Variant 88,HTML5,0,2,1601.47,0,0.082,7682.31,600000.0,2.39,TRADEDESK_2024,FreshNest Holiday Recipes
2024-06-20,Meta,Health Conscious,META_CAMP_078,META_GRP_010,Meta Group 17,Meta Placement 34,CRT_0069,Creative Variant 45,HTML5,0,1,814.17,0,0.033,25449.73,800000.0,2.76,META_2024,FreshNest Pantry Staples
2024-06-20,Dv360,Quality Seekers,DV360_CAMP_052,DV360_GRP_015,Dv360 Group 14,Dv360 Placement 41,CRT_0085,Creative Variant 25,STATIC,0,1,1287.05,0,0.0415,28897.67,1200000.0,1.32,DV360_2024,FreshNest Pantry Staples
2024-06-20,Cm360,Influencer Followers,CM360_CAMP_057,CM360_GRP_003,Cm360 Group 16,Cm360 Placement 46,CRT_0005,Creative Variant 57,STATIC,0,1,1118.63,0,0.006,116807.86,700000.0,1.69,CM360_2024,FreshNest Pantry Staples
2024-06-21,Meta,Family Planners,META_CAMP_096,META_GRP_005,Meta Group 13,Meta Placement 15,CRT_0080,Creative Variant 115,CAROUSEL,0,2,1909.93,0,0.0242,38004.04,800000.0,3.59,META_2024,FreshNest Summer Grilling
2024-06-21,Dv360,Premium Shoppers,DV360_CAMP_032,DV360_GRP_009,Dv360 Group 19,Dv360 Placement 47,CRT_0101,Creative Variant 20,HTML5,0,0,1018.16,0,0.0414,30420.74,1200000.0,3.69,DV360_2024,FreshNest Summer Grilling
2024-06-21,Amazon,Product Researchers,AMAZON_CAMP_062,AMAZON_GRP_008,Amazon Group 5,Amazon Placement 23,CRT_0168,Creative Variant 35,VIDEO,0,1,2185.99,0,0.0471,34367.72,1800000.0,3.03,AMAZON_2024,FreshNest Summer Grilling
2024-06-21,Meta,Recipe Seekers,META_CAMP_046,META_GRP_009,Meta Group 11,Meta Placement 5,CRT_0198,Creative Variant 51,STATIC,0,4,3798.07,0,0.0045,177988.11,800000.0,3.08,META_2024,FreshNest Back to School
2024-06-21,Dv360,Tech-Savvy Consumers,DV360_CAMP_077,DV360_GRP_014,Dv360 Group 2,Dv360 Placement 4,CRT_0080,Creative Variant 178,HTML5,0,1,1299.18,0,0.0248,50757.56,1200000.0,3.16,DV360_2024,FreshNest Back to School
2024-06-21,Cm360,Content Consumers,CM360_CAMP_060,CM360_GRP_017,Cm360 Group 14,Cm360 Placement 5,CRT_0091,Creative Variant 176,STATIC,0,0,145.94,0,0.0611,11455.1,700000.0,2.56,CM360_2024,FreshNest Back to School
2024-06-21,Sa360,Search Users,SA360_CAMP_099,SA360_GRP_009,Sa360 Group 16,Sa360 Placement 50,CRT_0088,Creative Variant 131,VIDEO,0,1,1955.11,0,0.0225,60014.0,1500000.0,3.97,SA360_2024,FreshNest Back to School
2024-06-21,Meta,Food Enthusiasts,META_CAMP_030,META_GRP_003,Meta Group 13,Meta Placement 37,CRT_0138,Creative Variant 113,STATIC,0,1,1249.9,0,0.0119,67305.59,800000.0,4.26,META_2024,FreshNest Holiday Recipes
2024-06-21,Amazon,Prime Members,AMAZON_CAMP_039,AMAZON_GRP_008,Amazon Group 3,Amazon Placement 18,CRT_0094,Creative Variant 93,STATIC,0,0,1454.35,0,0.0353,50919.38,1800000.0,3.79,AMAZON_2024,FreshNest Holiday Recipes
2024-06-21,Tradedesk,Retargeting Audience,TRADEDESK_CAMP_014,TRADEDESK_GRP_012,Tradedesk Group 20,Tradedesk Placement 50,CRT_0050,Creative Variant 76,VIDEO,0,0,0,0,0.0617,0.6,0,2.58,TRADEDESK_2024,FreshNest Holiday Recipes
2024-06-21,Meta,Family Planners,META_CAMP_094,META_GRP_003,Meta Group 20,Meta Placement 3,CRT_0050,Creative Variant 75,STATIC,0,3,2695.81,0,0.0746,10723.3,800000.0,3.55,META_2024,FreshNest Pantry Staples
2024-06-21,Dv360,Urban Professionals,DV360_CAMP_096,DV360_GRP_002,Dv360 Group 7,Dv360 Placement 38,CRT_0165,Creative Variant 18,HTML5,0,2,3109.9,0,0.007,179503.03,1200000.0,4.64,DV360_2024,FreshNest Pantry Staples
2024-06-21,Cm360,Content Consumers,CM360_CAMP_076,CM360_GRP_009,Cm360 Group 3,Cm360 Placement 47,CRT_0091,Creative Variant 167,VIDEO,0,1,756.11,0,0.0349,18036.17,700000.0,2.49,CM360_2024,FreshNest Pantry Staples
2024-06-22,Meta,Food Enthusiasts,META_CAMP_023,META_GRP_010,Meta Group 5,Meta Placement 34,CRT_0025,Creative Variant 54,CAROUSEL,0,2,1961.41,0,0.0424,21689.58,800000.0,1.57,META_2024,FreshNest Summer Grilling
2024-06-22,Dv360,Premium Shoppers,DV360_CAMP_037,DV360_GRP_020,Dv360 Group 14,Dv360 Placement 33,CRT_0137,Creative Variant 109,HTML5,0,1,1819.46,0,0.0388,32466.37,1200000.0,1.9,DV360_2024,FreshNest Summer Grilling
2024-06-22,Amazon,One-Click Shoppers,AMAZON_CAMP_054,AMAZON_GRP_005,Amazon Group 9,Amazon Placement 5,CRT_0183,Creative Variant 200,HTML5,0,0,1269.52,0,0.037,51021.04,1800000.0,2.33,AMAZON_2024,FreshNest Summer Grilling
2024-06-22,Meta,Food Enthusiasts,META_CAMP_030,META_GRP_006,Meta Group 13,Meta Placement 6,CRT_0136,Creative Variant 142,HTML5,0,0,501.31,0,0.0229,36603.4,800000.0,3.84,META_2024,FreshNest Back to School
2024-06-22,Dv360,Premium Shoppers,DV360_CAMP_090,DV360_GRP_007,Dv360 Group 12,Dv360 Placement 11,CRT_0044,Creative Variant 100,STATIC,0,4,5761.9,0,0.028,42912.23,1200000.0,5.61,DV360_2024,FreshNest Back to School
2024-06-22,Cm360,Trend Setters,CM360_CAMP_067,CM360_GRP_017,Cm360 Group 3,Cm360 Placement 26,CRT_0200,Creative Variant 153,VIDEO,0,7,5004.85,0,0.0442,14268.61,700000.0,2.45,CM360_2024,FreshNest Back to School
2024-06-22,Sa360,Search Users,SA360_CAMP_039,SA360_GRP_004,Sa360 Group 13,Sa360 Placement 15,CRT_0117,Creative Variant 50,HTML5,0,2,3916.0,0,0.0473,33266.73,1500000.0,3.73,SA360_2024,FreshNest Back to School
2024-06-22,Meta,Budget Shoppers,META_CAMP_065,META_GRP_013,Meta Group 2,Meta Placement 3,CRT_0055,Creative Variant 43,CAROUSEL,0,0,0,0,0.0537,0.8,0,2.97,META_2024,FreshNest Holiday Recipes
2024-06-22,Amazon,Deal Hunters,AMAZON_CAMP_056,AMAZON_GRP_006,Amazon Group 2,Amazon Placement 1,CRT_0010,Creative Variant 40,HTML5,0,0,1244.36,0,0.0316,59759.18,1800000.0,4.1,AMAZON_2024,FreshNest Holiday Recipes
2024-06-22,Tradedesk,Behavioral Targets,TRADEDESK_CAMP_075,TRADEDESK_GRP_011,Tradedesk Group 6,Tradedesk Placement 47,CRT_0149,Creative Variant 158,VIDEO,0,1,1051.5,0,0.0406,13289.9,600000.0,3.69,TRADEDESK_2024,FreshNest Holiday Recipes
2024-06-22,Meta,Home Cooks,META_CAMP_099,META_GRP_006,Meta Group 12,Meta Placement 29,CRT_0027,Creative Variant 51,VIDEO,0,1,1124.83,0,0.0278,25897.95,800000.0,4.39,META_2024,FreshNest Pantry Staples
2024-06-22,Dv360,Quality Seekers,DV360_CAMP_025,DV360_GRP_010,Dv360 Group 17,Dv360 Placement 42,CRT_0125,Creative Variant 140,STATIC,0,2,2645.37,0,0.0576,20828.97,1200000.0,4.37,DV360_2024,FreshNest Pantry Staples
2024-06-22,Cm360,Engagement Seekers,CM360_CAMP_046,CM360_GRP_011,Cm360 Group 14,Cm360 Placement 22,CRT_0141,Creative Variant 132,CAROUSEL,0,0,538.74,0,0.0288,27904.32,700000.0,2.99,CM360_2024,FreshNest Pantry Staples
2024-06-23,Meta,Recipe Seekers,META_CAMP_082,META_GRP_016,Meta Group 11,Meta Placement 22,CRT_0182,Creative Variant 149,VIDEO,0,3,2756.16,0,0.0072,100264.57,800000.0,3.63,META_2024,FreshNest Summer Grilling
2024-06-23,Dv360,Quality Seekers,DV360_CAMP_020,DV360_GRP_006,Dv360 Group 8,Dv360 Placement 16,CRT_0071,Creative Variant 100,CAROUSEL,0,0,534.19,0,0.0018,765536.04,1200000.0,2.44,DV360_2024,FreshNest Summer Grilling
2024-06-23,Amazon,One-Click Shoppers,AMAZON_CAMP_099,AMAZON_GRP_005,Amazon Group 7,Amazon Placement 21,CRT_0042,Creative Variant 133,CAROUSEL,0,1,2736.91,0,0.0507,40862.92,1800000.0,4.23,AMAZON_2024,FreshNest Summer Grilling
2024-06-23,Meta,Budget Shoppers,META_CAMP_012,META_GRP_008,Meta Group 7,Meta Placement 11,CRT_0005,Creative Variant 86,CAROUSEL,0,1,1507.05,0,0.0452,20355.81,800000.0,3.98,META_2024,FreshNest Back to School
2024-06-23,Dv360,Urban Professionals,DV360_CAMP_018,DV360_GRP_016,Dv360 Group 15,Dv360 Placement 32,CRT_0167,Creative Variant 106,VIDEO,0,2,3029.43,0,0.0307,35222.66,1200000.0,4.32,DV360_2024,FreshNest Back to School
2024-06-23,Cm360,Social Media Active,CM360_CAMP_088,CM360_GRP_003,Cm360 Group 9,Cm360 Placement 42,CRT_0157,Creative Variant 158,VIDEO,0,6,4678.61,0,0.0634,9929.81,700000.0,5.95,CM360_2024,FreshNest Back to School
2024-06-23,Sa360,Search Users,SA360_CAMP_025,SA360_GRP_004,Sa360 Group 8,Sa360 Placement 10,CRT_0199,Creative Variant 98,HTML5,0,1,2542.54,0,0.022,71686.02,1500000.0,2.79,SA360_2024,FreshNest Back to School
2024-06-23,Meta,Home Cooks,META_CAMP_027,META_GRP_016,Meta Group 15,Meta Placement 35,CRT_0013,Creative Variant 11,HTML5,0,1,1274.2,0,0.0061,138188.75,800000.0,1.14,META_2024,FreshNest Holiday Recipes
2024-06-23,Amazon,Review Readers,AMAZON_CAMP_070,AMAZON_GRP_008,Amazon Group 2,Amazon Placement 2,CRT_0055,Creative Variant 37,HTML5,0,0,619.32,0,0.0352,53765.84,1800000.0,2.69,AMAZON_2024,FreshNest Holiday Recipes
2024-06-23,Tradedesk,Data-Driven Consumers,TRADEDESK_CAMP_012,TRADEDESK_GRP_007,Tradedesk Group 18,Tradedesk Placement 47,CRT_0038,Creative Variant 75,HTML5,0,1,886.16,0,0.0368,17135.03,600000.0,2.73,TRADEDESK_2024,FreshNest Holiday Recipes
2024-06-23,Meta,Family Planners,META_CAMP_021,META_GRP_009,Meta Group 4,Meta Placement 4,CRT_0027,Creative Variant 181,VIDEO,0,2,1710.46,0,0.0157,45896.06,800000.0,2.87,META_2024,FreshNest Pantry Staples
2024-06-23,Dv360,Tech-Savvy Consumers,DV360_CAMP_078,DV360_GRP_008,Dv360 Group 20,Dv360 Placement 11,CRT_0111,Creative Variant 24,CAROUSEL,0,1,2284.57,0,0.0219,63016.95,1200000.0,3.25,DV360_2024,FreshNest Pantry Staples
2024-06-23,Cm360,Engagement Seekers,CM360_CAMP_010,CM360_GRP_015,Cm360 Group 2,Cm360 Placement 10,CRT_0036,Creative Variant 38,HTML5,0,0,191.6,0,0.0762,9642.64,700000.0,2.42,CM360_2024,FreshNest Pantry Staples
2024-06-24,Meta,Food Enthusiasts,META_CAMP_038,META_GRP_007,Meta Group 13,Meta Placement 45,CRT_0146,Creative Variant 26,STATIC,0,2,1846.89,0,0.0549,14570.93,800000.0,3.03,META_2024,FreshNest Summer Grilling
2024-06-24,Dv360,Convenience Buyers,DV360_CAMP_031,DV360_GRP_012,Dv360 Group 2,Dv360 Placement 27,CRT_0122,Creative Variant 159,VIDEO,0,1,2214.35,0,0.0265,40811.23,1200000.0,4.05,DV360_2024,FreshNest Summer Grilling
2024-06-24,Amazon,Deal Hunters,AMAZON_CAMP_038,AMAZON_GRP_012,Amazon Group 8,Amazon Placement 34,CRT_0041,Creative Variant 82,STATIC,0,1,2868.79,0,0.0046,391795.73,1800000.0,4.52,AMAZON_2024,FreshNest Summer Grilling
2024-06-24,Meta,Recipe Seekers,META_CAMP_024,META_GRP_015,Meta Group 9,Meta Placement 22,CRT_0028,Creative Variant 162,VIDEO,0,0,0,0,0.0405,0.8,0,2.78,META_2024,FreshNest Back to School
2024-06-24,Dv360,Urban Professionals,DV360_CAMP_094,DV360_GRP_006,Dv360 Group 11,Dv360 Placement 36,CRT_0108,Creative Variant 180,STATIC,0,2,3265.25,0,0.0099,121571.79,1200000.0,2.95,DV360_2024,FreshNest Back to School
2024-06-24,Cm360,Engagement Seekers,CM360_CAMP_032,CM360_GRP_014,Cm360 Group 13,Cm360 Placement 38,CRT_0018,Creative Variant 71,STATIC,0,5,3708.34,0,0.0694,10093.05,700000.0,1.99,CM360_2024,FreshNest Back to School
2024-06-24,Sa360,Search Users,SA360_CAMP_029,SA360_GRP_015,Sa360 Group 20,Sa360 Placement 27,CRT_0106,Creative Variant 194,VIDEO,0,2,3495.63,0,0.0271,49856.45,1500000.0,4.96,SA360_2024,FreshNest Back to School
2024-06-24,Meta,Food Enthusiasts,META_CAMP_077,META_GRP_007,Meta Group 10,Meta Placement 16,CRT_0106,Creative Variant 124,CAROUSEL,0,2,1739.64,0,0.0278,33046.74,800000.0,3.35,META_2024,FreshNest Holiday Recipes
2024-06-24,Amazon,Deal Hunters,AMAZON_CAMP_053,AMAZON_GRP_004,Amazon Group 13,Amazon Placement 19,CRT_0108,Creative Variant 90,STATIC,0,0,749.61,0,0.0112,160462.31,1800000.0,4.52,AMAZON_2024,FreshNest Holiday Recipes
2024-06-24,Tradedesk,Lookalike Segments,TRADEDESK_CAMP_049,TRADEDESK_GRP_010,Tradedesk Group 5,Tradedesk Placement 10,CRT_0160,Creative Variant 143,STATIC,0,2,1495.01,0,0.1064,5637.99,600000.0,4.04,TRADEDESK_2024,FreshNest Holiday Recipes
2024-06-24,Meta,Home Cooks,META_CAMP_015,META_GRP_016,Meta Group 18,Meta Placement 19,CRT_0151,Creative Variant 14,VIDEO,0,1,1354.6,0,0.0368,19570.57,800000.0,0.56,META_2024,FreshNest Pantry Staples
2024-06-24,Dv360,High-Income Households,DV360_CAMP_041,DV360_GRP_007,Dv360 Group 12,Dv360 Placement 9,CRT_0122,Creative Variant 35,STATIC,0,0,0,0,0.0293,1.2,0,3.09,DV360_2024,FreshNest Pantry Staples
2024-06-24,Cm360,Brand Loyalists,CM360_CAMP_054,CM360_GRP_009,Cm360 Group 8,Cm360 Placement 4,CRT_0105,Creative Variant 145,VIDEO,0,0,0,0,0.0368,0.7,0,2.15,CM360_2024,FreshNest Pantry Staples
2024-06-25,Meta,Family Planners,META_CAMP_070,META_GRP_003,Meta Group 3,Meta Placement 22,CRT_0174,Creative Variant 22,HTML5,0,2,1673.68,0,0.0509,16515.35,800000.0,3.22,META_2024,FreshNest Summer Grilling
2024-06-25,Dv360,Tech-Savvy Consumers,DV360_CAMP_069,DV360_GRP_009,Dv360 Group 8,Dv360 Placement 48,CRT_0095,Creative Variant 32,HTML5,0,2,2742.44,0,0.0303,41599.39,1200000.0,2.05,DV360_2024,FreshNest Summer Grilling
2024-06-25,Amazon,Prime Members,AMAZON_CAMP_092,AMAZON_GRP_001,Amazon Group 7,Amazon Placement 34,CRT_0069,Creative Variant 81,STATIC,0,0,1335.16,0,0.0318,56603.55,1800000.0,3.82,AMAZON_2024,FreshNest Summer Grilling
2024-06-25,Meta,Health Conscious,META_CAMP_067,META_GRP_006,Meta Group 13,Meta Placement 9,CRT_0036,Creative Variant 175,CAROUSEL,0,2,2086.45,0,0.0571,16107.64,800000.0,3.63,META_2024,FreshNest Back to School
2024-06-25,Dv360,Tech-Savvy Consumers,DV360_CAMP_053,DV360_GRP_008,Dv360 Group 16,Dv360 Placement 23,CRT_0159,Creative Variant 100,VIDEO,0,4,4834.88,0,0.0125,86057.28,1200000.0,4.33,DV360_2024,FreshNest Back to School
2024-06-25,Cm360,Influencer Followers,CM360_CAMP_065,CM360_GRP_018,Cm360 Group 17,Cm360 Placement 37,CRT_0145,Creative Variant 104,STATIC,0,6,4548.44,0,0.0787,8890.34,700000.0,5.09,CM360_2024,FreshNest Back to School
2024-06-25,Sa360,Search Users,SA360_CAMP_037,SA360_GRP_006,Sa360 Group 20,Sa360 Placement 24,CRT_0182,Creative Variant 127,CAROUSEL,0,2,3452.17,0,0.0379,45469.54,1500000.0,2.85,SA360_2024,FreshNest Back to School
2024-06-25,Meta,Health Conscious,META_CAMP_014,META_GRP_002,Meta Group 18,Meta Placement 39,CRT_0033,Creative Variant 120,STATIC,0,2,1888.03,0,0.0351,22801.21,800000.0,4.62,META_2024,FreshNest Holiday Recipes
2024-06-25,Amazon,Deal Hunters,AMAZON_CAMP_042,AMAZON_GRP_015,Amazon Group 10,Amazon Placement 21,CRT_0154,Creative Variant 131,VIDEO,0,0,1687.42,0,0.0247,65529.95,1800000.0,4.5,AMAZON_2024,FreshNest Holiday Recipes
2024-06-25,Tradedesk,Programmatic Buyers,TRADEDESK_CAMP_061,TRADEDESK_GRP_015,Tradedesk Group 3,Tradedesk Placement 11,CRT_0177,Creative Variant 127,VIDEO,0,0,403.19,0,0.0108,50174.69,600000.0,4.23,TRADEDESK_2024,FreshNest Holiday Recipes
2024-06-25,Meta,Home Cooks,META_CAMP_024,META_GRP_016,Meta Group 2,Meta Placement 41,CRT_0117,Creative Variant 135,VIDEO,0,3,2726.86,0,0.029,24810.81,800000.0,3.7,META_2024,FreshNest Pantry Staples
2024-06-25,Dv360,Convenience Buyers,DV360_CAMP_096,DV360_GRP_009,Dv360 Group 5,Dv360 Placement 30,CRT_0023,Creative Variant 182,CAROUSEL,0,0,134.06,0,0.0493,28002.07,1200000.0,2.23,DV360_2024,FreshNest Pantry Staples
2024-06-25,Cm360,Engagement Seekers,CM360_CAMP_030,CM360_GRP_003,Cm360 Group 10,Cm360 Placement 9,CRT_0001,Creative Variant 8,CAROUSEL,0,2,1579.6,0,0.0176,45790.13,700000.0,1.4,CM360_2024,FreshNest Pantry Staples
2024-06-26,Meta,Food Enthusiasts,META_CAMP_084,META_GRP_001,Meta Group 7,Meta Placement 41,CRT_0077,Creative Variant 41,HTML5,0,1,1124.08,0,0.0372,22567.45,800000.0,2.01,META_2024,FreshNest Summer Grilling
2024-06-26,Dv360,Convenience Buyers,DV360_CAMP_097,DV360_GRP_020,Dv360 Group 19,Dv360 Placement 24,CRT_0125,Creative Variant 46,VIDEO,0,2,3333.91,0,0.0501,21562.0,1200000.0,2.55,DV360_2024,FreshNest Summer Grilling
2024-06-26,Amazon,Cross-Category Buyers,AMAZON_CAMP_080,AMAZON_GRP_017,Amazon Group 14,Amazon Placement 24,CRT_0163,Creative Variant 80,CAROUSEL,0,1,2366.12,0,0.0195,106402.68,1800000.0,3.36,AMAZON_2024,FreshNest Summer Grilling
2024-06-26,Meta,Recipe Seekers,META_CAMP_036,META_GRP_015,Meta Group 6,Meta Placement 9,CRT_0031,Creative Variant 162,CAROUSEL,0,3,2576.5,0,0.0573,16066.94,800000.0,1.02,META_2024,FreshNest Back to School
2024-06-26,Dv360,Premium Shoppers,DV360_CAMP_031,DV360_GRP_006,Dv360 Group 5,Dv360 Placement 2,CRT_0117,Creative Variant 10,CAROUSEL,0,1,1892.39,0,0.0403,34212.0,1200000.0,3.03,DV360_2024,FreshNest Back to School
2024-06-26,Cm360,Trend Setters,CM360_CAMP_090,CM360_GRP_011,Cm360 Group 19,Cm360 Placement 42,CRT_0080,Creative Variant 4,CAROUSEL,0,1,1290.11,0,0.0094,85492.62,700000.0,1.84,CM360_2024,FreshNest Back to School
2024-06-26,Sa360,Search Users,SA360_CAMP_019,SA360_GRP_005,Sa360 Group 20,Sa360 Placement 36,CRT_0147,Creative Variant 156,CAROUSEL,0,1,1610.38,0,0.0274,62844.45,1500000.0,3.47,SA360_2024,FreshNest Back to School
2024-06-26,Meta,Home Cooks,META_CAMP_045,META_GRP_015,Meta Group 15,Meta Placement 30,CRT_0143,Creative Variant 166,CAROUSEL,0,1,1350.13,0,0.0725,12681.65,800000.0,2.75,META_2024,FreshNest Holiday Recipes
2024-06-26,Amazon,Product Researchers,AMAZON_CAMP_033,AMAZON_GRP_013,Amazon Group 18,Amazon Placement 36,CRT_0066,Creative Variant 30,CAROUSEL,0,0,0,0,0.0358,1.8,0,2.88,AMAZON_2024,FreshNest Holiday Recipes
2024-06-26,Tradedesk,Retargeting Audience,TRADEDESK_CAMP_042,TRADEDESK_GRP_001,Tradedesk Group 10,Tradedesk Placement 25,CRT_0089,Creative Variant 157,CAROUSEL,0,1,999.35,0,0.0638,10812.95,600000.0,1.5,TRADEDESK_2024,FreshNest Holiday Recipes
2024-06-26,Meta,Parents 25-45,META_CAMP_087,META_GRP_011,Meta Group 20,Meta Placement 15,CRT_0136,Creative Variant 35,STATIC,0,1,1235.37,0,0.0542,14751.39,800000.0,2.74,META_2024,FreshNest Pantry Staples
2024-06-26,Dv360,Urban Professionals,DV360_CAMP_030,DV360_GRP_004,Dv360 Group 6,Dv360 Placement 33,CRT_0041,Creative Variant 130,STATIC,0,1,1661.71,0,0.0297,40376.69,1200000.0,4.26,DV360_2024,FreshNest Pantry Staples
2024-06-26,Cm360,Engagement Seekers,CM360_CAMP_024,CM360_GRP_003,Cm360 Group 18,Cm360 Placement 7,CRT_0197,Creative Variant 128,HTML5,0,2,1935.4,0,0.0387,18970.47,700000.0,3.42,CM360_2024,FreshNest Pantry Staples
2024-06-27,Meta,Food Enthusiasts,META_CAMP_060,META_GRP_018,Meta Group 18,Meta Placement 48,CRT_0161,Creative Variant 26,STATIC,0,1,841.61,0,0.0385,20756.76,800000.0,3.16,META_2024,FreshNest Summer Grilling
2024-06-27,Dv360,Premium Shoppers,DV360_CAMP_041,DV360_GRP_006,Dv360 Group 18,Dv360 Placement 24,CRT_0039,Creative Variant 199,HTML5,0,1,1869.56,0,0.0589,21388.3,1200000.0,3.54,DV360_2024,FreshNest Summer Grilling
2024-06-27,Amazon,Prime Members,AMAZON_CAMP_071,AMAZON_GRP_012,Amazon Group 2,Amazon Placement 30,CRT_0076,Creative Variant 105,HTML5,0,1,2937.99,0,0.026,72597.98,1800000.0,3.25,AMAZON_2024,FreshNest Summer Grilling
2024-06-27,Meta,Busy Professionals,META_CAMP_033,META_GRP_020,Meta Group 18,Meta Placement 41,CRT_0141,Creative Variant 183,STATIC,0,1,1150.94,0,0.0475,16844.99,800000.0,3.0,META_2024,FreshNest Back to School
2024-06-27,Dv360,Premium Shoppers,DV360_CAMP_014,DV360_GRP_004,Dv360 Group 5,Dv360 Placement 46,CRT_0101,Creative Variant 178,STATIC,0,0,0,0,0.0379,1.2,0,1.82,DV360_2024,FreshNest Back to School
2024-06-27,Cm360,Engagement Seekers,CM360_CAMP_072,CM360_GRP_020,Cm360 Group 14,Cm360 Placement 25,CRT_0097,Creative Variant 139,CAROUSEL,0,2,2073.27,0,0.0135,59848.62,700000.0,1.8,CM360_2024,FreshNest Back to School
2024-06-27,Sa360,Search Users,SA360_CAMP_011,SA360_GRP_004,Sa360 Group 13,Sa360 Placement 20,CRT_0028,Creative Variant 1,HTML5,0,2,4479.09,0,0.0138,113971.86,1500000.0,4.9,SA360_2024,FreshNest Back to School
2024-06-27,Meta,Busy Professionals,META_CAMP_029,META_GRP_002,Meta Group 20,Meta Placement 39,CRT_0140,Creative Variant 191,VIDEO,0,1,1270.24,0,0.0431,16714.15,800000.0,3.04,META_2024,FreshNest Holiday Recipes
2024-06-27,Amazon,Frequent Shoppers,AMAZON_CAMP_044,AMAZON_GRP_008,Amazon Group 9,Amazon Placement 47,CRT_0194,Creative Variant 104,CAROUSEL,0,0,1145.1,0,0.0562,36820.5,1800000.0,2.38,AMAZON_2024,FreshNest Holiday Recipes
2024-06-27,Tradedesk,Programmatic Buyers,TRADEDESK_CAMP_094,TRADEDESK_GRP_012,Tradedesk Group 15,Tradedesk Placement 12,CRT_0018,Creative Variant 20,STATIC,0,2,1795.07,0,0.0782,7675.53,600000.0,0.89,TRADEDESK_2024,FreshNest Holiday Recipes
2024-06-27,Meta,Busy Professionals,META_CAMP_065,META_GRP_008,Meta Group 17,Meta Placement 48,CRT_0028,Creative Variant 112,HTML5,0,2,1914.97,0,0.0153,55052.19,800000.0,2.62,META_2024,FreshNest Pantry Staples
2024-06-27,Dv360,Premium Shoppers,DV360_CAMP_086,DV360_GRP_015,Dv360 Group 7,Dv360 Placement 31,CRT_0199,Creative Variant 56,HTML5,0,1,1631.53,0,0.0405,31109.32,1200000.0,3.17,DV360_2024,FreshNest Pantry Staples
2024-06-27,Cm360,Trend Setters,CM360_CAMP_081,CM360_GRP_006,Cm360 Group 7,Cm360 Placement 2,CRT_0124,Creative Variant 113,HTML5,0,2,1799.28,0,0.0333,22102.7,700000.0,3.24,CM360_2024,FreshNest Pantry Staples
2024-06-28,Meta,Home Cooks,META_CAMP_014,META_GRP_019,Meta Group 8,Meta Placement 44,CRT_0090,Creative Variant 13,CAROUSEL,0,1,1093.25,0,0.0329,27941.92,800000.0,2.5,META_2024,FreshNest Summer Grilling
2024-06-28,Dv360,Urban Professionals,DV360_CAMP_058,DV360_GRP_014,Dv360 Group 10,Dv360 Placement 9,CRT_0030,Creative Variant 67,HTML5,0,0,0,0,0.0463,1.2,0,3.45,DV360_2024,FreshNest Summer Grilling
2024-06-28,Amazon,Cross-Category Buyers,AMAZON_CAMP_063,AMAZON_GRP_011,Amazon Group 9,Amazon Placement 16,CRT_0089,Creative Variant 149,STATIC,0,1,2098.04,0,0.0427,42180.73,1800000.0,5.34,AMAZON_2024,FreshNest Summer Grilling
2024-06-28,Meta,Family Planners,META_CAMP_041,META_GRP_006,Meta Group 11,Meta Placement 30,CRT_0178,Creative Variant 23,VIDEO,0,3,2723.26,0,0.0153,47107.23,800000.0,1.64,META_2024,FreshNest Back to School
2024-06-28,Dv360,High-Income Households,DV360_CAMP_097,DV360_GRP_007,Dv360 Group 8,Dv360 Placement 37,CRT_0183,Creative Variant 170,CAROUSEL,0,0,478.21,0,0.0212,65104.56,1200000.0,2.88,DV360_2024,FreshNest Back to School
2024-06-28,Cm360,Social Media Active,CM360_CAMP_094,CM360_GRP_016,Cm360 Group 19,Cm360 Placement 25,CRT_0175,Creative Variant 184,CAROUSEL,0,3,2279.73,0,0.02,40165.92,700000.0,2.11,CM360_2024,FreshNest Back to School
2024-06-28,Sa360,Search Users,SA360_CAMP_062,SA360_GRP_010,Sa360 Group 3,Sa360 Placement 34,CRT_0183,Creative Variant 87,STATIC,0,2,3569.66,0,0.0315,47685.55,1500000.0,1.26,SA360_2024,FreshNest Back to School
2024-06-28,Meta,Parents 25-45,META_CAMP_031,META_GRP_014,Meta Group 3,Meta Placement 8,CRT_0110,Creative Variant 89,HTML5,0,2,2137.27,0,0.0522,16086.51,800000.0,1.38,META_2024,FreshNest Holiday Recipes
2024-06-28,Amazon,Deal Hunters,AMAZON_CAMP_069,AMAZON_GRP_007,Amazon Group 6,Amazon Placement 39,CRT_0175,Creative Variant 108,HTML5,0,0,1329.38,0,0.0218,86816.49,1800000.0,3.84,AMAZON_2024,FreshNest Holiday Recipes
2024-06-28,Tradedesk,Cross-Device Users,TRADEDESK_CAMP_046,TRADEDESK_GRP_012,Tradedesk Group 11,Tradedesk Placement 21,CRT_0088,Creative Variant 42,CAROUSEL,0,1,777.28,0,0.0746,9246.77,600000.0,2.84,TRADEDESK_2024,FreshNest Holiday Recipes
2024-06-28,Meta,Recipe Seekers,META_CAMP_037,META_GRP_018,Meta Group 16,Meta Placement 49,CRT_0165,Creative Variant 73,HTML5,0,2,2349.13,0,0.051,16477.59,800000.0,3.56,META_2024,FreshNest Pantry Staples
2024-06-28,Dv360,High-Income Households,DV360_CAMP_071,DV360_GRP_001,Dv360 Group 18,Dv360 Placement 24,CRT_0031,Creative Variant 75,HTML5,0,1,1752.56,0,0.0468,26907.06,1200000.0,3.48,DV360_2024,FreshNest Pantry Staples
2024-06-28,Cm360,Engagement Seekers,CM360_CAMP_030,CM360_GRP_005,Cm360 Group 2,Cm360 Placement 28,CRT_0038,Creative Variant 197,CAROUSEL,0,0,533.65,0,0.0485,16583.1,700000.0,3.8,CM360_2024,FreshNest Pantry Staples
2024-06-29,Meta,Busy Professionals,META_CAMP_023,META_GRP_010,Meta Group 7,Meta Placement 33,CRT_0182,Creative Variant 11,HTML5,0,1,1375.99,0,0.0212,39633.25,800000.0,2.76,META_2024,FreshNest Summer Grilling
2024-06-29,Dv360,Premium Shoppers,DV360_CAMP_056,DV360_GRP_019,Dv360 Group 7,Dv360 Placement 14,CRT_0100,Creative Variant 90,STATIC,0,1,1508.8,0,0.0322,37252.97,1200000.0,1.03,DV360_2024,FreshNest Summer Grilling
2024-06-29,Amazon,Cross-Category Buyers,AMAZON_CAMP_016,AMAZON_GRP_003,Amazon Group 4,Amazon Placement 50,CRT_0072,Creative Variant 49,CAROUSEL,0,1,2815.41,0,0.0395,52410.7,1800000.0,3.91,AMAZON_2024,FreshNest Summer Grilling
2024-06-29,Meta,Parents 25-45,META_CAMP_036,META_GRP_016,Meta Group 16,Meta Placement 28,CRT_0085,Creative Variant 174,STATIC,0,7,6074.37,0,0.0594,13471.89,800000.0,3.77,META_2024,FreshNest Back to School
2024-06-29,Dv360,Convenience Buyers,DV360_CAMP_093,DV360_GRP_005,Dv360 Group 16,Dv360 Placement 10,CRT_0033,Creative Variant 88,VIDEO,0,1,1494.53,0,0.0107,100743.55,1200000.0,5.66,DV360_2024,FreshNest Back to School
2024-06-29,Cm360,Brand Loyalists,CM360_CAMP_098,CM360_GRP_007,Cm360 Group 16,Cm360 Placement 48,CRT_0066,Creative Variant 102,VIDEO,0,9,6663.04,0,0.0374,16845.57,700000.0,5.45,CM360_2024,FreshNest Back to School
2024-06-29,Sa360,Search Users,SA360_CAMP_069,SA360_GRP_013,Sa360 Group 10,Sa360 Placement 24,CRT_0089,Creative Variant 85,VIDEO,0,3,5129.97,0,0.0155,87342.8,1500000.0,6.34,SA360_2024,FreshNest Back to School
2024-06-29,Meta,Recipe Seekers,META_CAMP_088,META_GRP_018,Meta Group 5,Meta Placement 32,CRT_0015,Creative Variant 135,HTML5,0,1,1425.11,0,0.0294,28614.72,800000.0,1.95,META_2024,FreshNest Holiday Recipes
2024-06-29,Amazon,Frequent Shoppers,AMAZON_CAMP_059,AMAZON_GRP_017,Amazon Group 16,Amazon Placement 35,CRT_0189,Creative Variant 156,VIDEO,0,0,882.17,0,0.0314,51606.06,1800000.0,2.92,AMAZON_2024,FreshNest Holiday Recipes
2024-06-29,Tradedesk,Cross-Device Users,TRADEDESK_CAMP_077,TRADEDESK_GRP_006,Tradedesk Group 11,Tradedesk Placement 11,CRT_0081,Creative Variant 165,CAROUSEL,0,1,1037.56,0,0.0205,33602.13,600000.0,2.55,TRADEDESK_2024,FreshNest Holiday Recipes
2024-06-29,Meta,Parents 25-45,META_CAMP_031,META_GRP_006,Meta Group 17,Meta Placement 26,CRT_0008,Creative Variant 85,VIDEO,0,1,1425.68,0,0.0189,38076.53,800000.0,4.32,META_2024,FreshNest Pantry Staples
2024-06-29,Dv360,High-Income Households,DV360_CAMP_018,DV360_GRP_008,Dv360 Group 6,Dv360 Placement 27,CRT_0034,Creative Variant 111,STATIC,0,1,2039.11,0,0.0279,43044.14,1200000.0,3.76,DV360_2024,FreshNest Pantry Staples
2024-06-29,Cm360,Trend Setters,CM360_CAMP_021,CM360_GRP_005,Cm360 Group 17,Cm360 Placement 17,CRT_0137,Creative Variant 88,CAROUSEL,0,3,2615.64,0,0.0747,10775.6,700000.0,2.44,CM360_2024,FreshNest Pantry Staples
2024-06-30,Meta,Food Enthusiasts,META_CAMP_018,META_GRP_005,Meta Group 11,Meta Placement 42,CRT_0179,Creative Variant 36,STATIC,0,2,2367.7,0,0.0413,19387.19,800000.0,3.89,META_2024,FreshNest Summer Grilling
2024-06-30,Dv360,Premium Shoppers,DV360_CAMP_041,DV360_GRP_003,Dv360 Group 19,Dv360 Placement 29,CRT_0183,Creative Variant 7,STATIC,0,0,0,0,0.0381,1.2,0,4.01,DV360_2024,FreshNest Summer Grilling
2024-06-30,Amazon,Frequent Shoppers,AMAZON_CAMP_025,AMAZON_GRP_008,Amazon Group 16,Amazon Placement 19,CRT_0071,Creative Variant 199,VIDEO,0,0,1289.77,0,0.0409,39655.15,1800000.0,4.81,AMAZON_2024,FreshNest Summer Grilling
2024-06-30,Meta,Family Planners,META_CAMP_034,META_GRP_011,Meta Group 8,Meta Placement 34,CRT_0051,Creative Variant 29,HTML5,0,4,3818.22,0,0.0196,42885.73,800000.0,3.71,META_2024,FreshNest Back to School
2024-06-30,Dv360,Premium Shoppers,DV360_CAMP_032,DV360_GRP_016,Dv360 Group 8,Dv360 Placement 23,CRT_0093,Creative Variant 165,VIDEO,0,1,2039.76,0,0.0129,83671.79,1200000.0,3.05,DV360_2024,FreshNest Back to School
2024-06-30,Cm360,Trend Setters,CM360_CAMP_036,CM360_GRP_005,Cm360 Group 11,Cm360 Placement 26,CRT_0039,Creative Variant 17,VIDEO,0,6,4872.42,0,0.0328,19204.22,700000.0,5.1,CM360_2024,FreshNest Back to School
2024-06-30,Sa360,Search Users,SA360_CAMP_048,SA360_GRP_004,Sa360 Group 2,Sa360 Placement 16,CRT_0113,Creative Variant 191,HTML5,0,1,2986.04,0,0.0394,39991.81,1500000.0,4.71,SA360_2024,FreshNest Back to School
2024-06-30,Meta,Parents 25-45,META_CAMP_065,META_GRP_001,Meta Group 8,Meta Placement 5,CRT_0098,Creative Variant 35,VIDEO,0,1,918.73,0,0.0317,22715.6,800000.0,4.14,META_2024,FreshNest Holiday Recipes
2024-06-30,Amazon,One-Click Shoppers,AMAZON_CAMP_097,AMAZON_GRP_004,Amazon Group 6,Amazon Placement 10,CRT_0195,Creative Variant 88,HTML5,0,0,1534.53,0,0.029,65193.36,1800000.0,3.73,AMAZON_2024,FreshNest Holiday Recipes
2024-06-30,Tradedesk,Retargeting Audience,TRADEDESK_CAMP_013,TRADEDESK_GRP_003,Tradedesk Group 16,Tradedesk Placement 20,CRT_0103,Creative Variant 59,HTML5,0,1,1006.71,0,0.074,8515.27,600000.0,3.05,TRADEDESK_2024,FreshNest Holiday Recipes
2024-06-30,Meta,Recipe Seekers,META_CAMP_043,META_GRP_010,Meta Group 8,Meta Placement 18,CRT_0167,Creative Variant 29,CAROUSEL,0,0,556.89,0,0.0612,15025.16,800000.0,1.99,META_2024,FreshNest Pantry Staples
2024-06-30,Dv360,Quality Seekers,DV360_CAMP_048,DV360_GRP_012,Dv360 Group 13,Dv360 Placement 48,CRT_0072,Creative Variant 133,HTML5,0,1,2166.38,0,0.0193,65242.8,1200000.0,3.84,DV360_2024,FreshNest Pantry Staples
2024-06-30,Cm360,Social Media Active,CM360_CAMP_019,CM360_GRP_017,Cm360 Group 1,Cm360 Placement 2,CRT_0064,Creative Variant 20,VIDEO,0,3,2172.54,0,0.0372,16954.66,700000.0,2.36,CM360_2024,FreshNest Pantry Staples
